mass_low,mass_high,mass_center,count,background,residual,analysis_mask,background_fit_mask
2.000000000000000000e+00,2.023533636003000069e+00,2.011732405665823009e+00,3.600000000000000000e+01,3.730649618251124622e+01,-2.139025263900662110e-01,1.000000000000000000e+00,1.000000000000000000e+00
2.023533636003000069e+00,2.047344188017761635e+00,2.035404094751013027e+00,3.800000000000000000e+01,3.804866608180416421e+01,-7.889630496538088331e-03,1.000000000000000000e+00,1.000000000000000000e+00
2.047344188017761635e+00,2.071434914464595600e+00,2.059354324293456440e+00,3.200000000000000000e+01,3.868105916813608758e+01,-1.074227186273799317e+00,1.000000000000000000e+00,1.000000000000000000e+00
2.071434914464595600e+00,2.095809112105053273e+00,2.083586371828019868e+00,4.300000000000000000e+01,3.920430265695007677e+01,6.062122515590812055e-01,1.000000000000000000e+00,1.000000000000000000e+00
2.095809112105053273e+00,2.120470116493079260e+00,2.108103553455725976e+00,4.500000000000000000e+01,3.962012643012160140e+01,8.547008602716879011e-01,1.000000000000000000e+00,1.000000000000000000e+00
2.120470116493079260e+00,2.145421302431473443e+00,2.132909224297555362e+00,3.000000000000000000e+01,3.993124525844437045e+01,-1.571619035098568595e+00,1.000000000000000000e+00,1.000000000000000000e+00
2.145421302431473443e+00,2.170666084433725995e+00,2.158006778953585947e+00,3.200000000000000000e+01,4.014123438230521401e+01,-1.284975645340129535e+00,1.000000000000000000e+00,1.000000000000000000e+00
2.170666084433725995e+00,2.196207917191286274e+00,2.183399651967536048e+00,3.700000000000000000e+01,4.025440223321882627e+01,-5.129376034135582074e-01,1.000000000000000000e+00,1.000000000000000000e+00
2.196207917191286274e+00,2.222050296046329976e+00,2.209091318296776851e+00,3.700000000000000000e+01,4.027566362837143288e+01,-5.161523939455021637e-01,1.000000000000000000e+00,1.000000000000000000e+00
2.222050296046329976e+00,2.248196757470086737e+00,2.235085293787868910e+00,4.300000000000000000e+01,4.021041627924434181e+01,4.399163621893780185e-01,1.000000000000000000e+00,1.000000000000000000e+00
2.248196757470086737e+00,2.274650879546800120e+00,2.261385135657700385e+00,3.500000000000000000e+01,4.006442294972135443e+01,-8.001115176986728361e-01,1.000000000000000000e+00,1.000000000000000000e+00
2.274650879546800120e+00,2.301416282463379481e+00,2.287994442980282539e+00,3.900000000000000000e+01,3.984370110049786007e+01,-1.336622534869863765e-01,1.000000000000000000e+00,1.000000000000000000e+00
2.301416282463379481e+00,2.328496629004814800e+00,2.314916857179274867e+00,3.500000000000000000e+01,3.955442138229921767e+01,-7.241619334767182004e-01,1.000000000000000000e+00,1.000000000000000000e+00
2.328496629004814800e+00,2.355895625055421050e+00,2.342156062526308258e+00,3.700000000000000000e+01,3.920281590321738463e+01,-3.518192282826428929e-01,1.000000000000000000e+00,1.000000000000000000e+00
2.355895625055421050e+00,2.383617020105978757e+00,2.369715786645165245e+00,4.000000000000000000e+01,3.879509680416316542e+01,1.934477738555075710e-01,1.000000000000000000e+00,1.000000000000000000e+00
2.383617020105978757e+00,2.411664607766843993e+00,2.397599801021900845e+00,3.600000000000000000e+01,3.833738533619899869e+01,-3.775018376640380535e-01,1.000000000000000000e+00,1.000000000000000000e+00
2.411664607766843993e+00,2.440042226287095772e+00,2.425811921520958592e+00,4.600000000000000000e+01,3.783565134648025463e+01,1.327305626270825378e+00,1.000000000000000000e+00,1.000000000000000000e+00
2.440042226287095772e+00,2.468753759079791443e+00,2.454356008907365272e+00,3.900000000000000000e+01,3.729566284531634324e+01,2.790784785533242940e-01,1.000000000000000000e+00,1.000000000000000000e+00
2.468753759079791443e+00,2.497803135253402473e+00,2.483235969375066521e+00,3.600000000000000000e+01,3.672294514315303360e+01,-1.192989420848188376e-01,1.000000000000000000e+00,1.000000000000000000e+00
2.497803135253402473e+00,2.527194330149505674e+00,2.512455755081481446e+00,3.200000000000000000e+01,3.612274890933805693e+01,-6.859563634560698064e-01,1.000000000000000000e+00,1.000000000000000000e+00
2.527194330149505674e+00,2.556931365886798257e+00,2.542019364688347327e+00,4.400000000000000000e+01,3.550002640968222778e+01,1.426603345951995561e+00,1.000000000000000000e+00,1.000000000000000000e+00
2.556931365886798257e+00,2.587018311911515323e+00,2.571930843908924125e+00,3.500000000000000000e+01,3.485941512184256652e+01,2.381105075498618495e-02,1.000000000000000000e+00,1.000000000000000000e+00
2.587018311911515323e+00,2.617459285554326165e+00,2.602194286061644934e+00,4.300000000000000000e+01,3.420522790098669930e+01,1.503759367625491228e+00,1.000000000000000000e+00,1.000000000000000000e+00
2.617459285554326165e+00,2.648258452593780454e+00,2.632813832630275908e+00,4.100000000000000000e+01,3.354144886766583511e+01,1.287844898916917113e+00,1.000000000000000000e+00,1.000000000000000000e+00
2.648258452593780454e+00,2.679420027826386441e+00,2.663793673830668673e+00,3.100000000000000000e+01,3.287173421018196962e+01,-3.264621750523147847e-01,1.000000000000000000e+00,1.000000000000000000e+00
2.679420027826386441e+00,2.710948275643393579e+00,2.695138049184181650e+00,3.900000000000000000e+01,3.219941713023895602e+01,1.198456104946854284e+00,1.000000000000000000e+00,1.000000000000000000e+00
2.710948275643393579e+00,2.742847510614370155e+00,2.726851248097849734e+00,3.100000000000000000e+01,3.152751620904773588e+01,-9.394873352357500929e-02,1.000000000000000000e+00,1.000000000000000000e+00
2.742847510614370155e+00,2.775122098077637212e+00,2.758937610451380973e+00,2.500000000000000000e+01,3.085874652757762604e+01,-1.054667512812954566e+00,1.000000000000000000e+00,1.000000000000000000e+00
2.775122098077637212e+00,2.807776454737657801e+00,2.791401527191055720e+00,2.800000000000000000e+01,3.019553293611401301e+01,-3.995476742286760974e-01,1.000000000000000000e+00,1.000000000000000000e+00
2.807776454737657801e+00,2.840815049269453496e+00,2.824247440930622854e+00,3.200000000000000000e+01,2.954002493204048818e+01,4.526111794230675001e-01,1.000000000000000000e+00,1.000000000000000000e+00
2.840815049269453496e+00,2.874242402930129447e+00,2.857479846559255687e+00,2.400000000000000000e+01,2.889411266865930727e+01,-9.104776348660568175e-01,1.000000000000000000e+00,1.000000000000000000e+00
2.874242402930129447e+00,2.908063090177603005e+00,2.891103291856673252e+00,3.900000000000000000e+01,2.825944368020418196e+01,2.020435416596359612e+00,1.000000000000000000e+00,1.000000000000000000e+00
2.908063090177603005e+00,2.942281739296602971e+00,2.925122378115488697e+00,3.400000000000000000e+01,2.763743996771066591e+01,1.210272002908140854e+00,0.000000000000000000e+00,0.000000000000000000e+00
2.942281739296602971e+00,2.976903033032043400e+00,2.959541760770888708e+00,4.400000000000000000e+01,2.702931514617375797e+01,3.264238236582589270e+00,0.000000000000000000e+00,0.000000000000000000e+00
2.976903033032043400e+00,3.011931709229845211e+00,2.994366150037718999e+00,7.000000000000000000e+01,2.643609140483351183e+01,8.472824595680448212e+00,0.000000000000000000e+00,0.000000000000000000e+00
3.011931709229845211e+00,3.047372561485299780e+00,3.029600311555065595e+00,1.580000000000000000e+02,2.585861607912954341e+01,2.598580719020261753e+01,0.000000000000000000e+00,0.000000000000000000e+00
3.047372561485299780e+00,3.083230439799062861e+00,3.065249067038422037e+00,4.440000000000000000e+02,2.529757767471540575e+01,8.324650406976877548e+01,0.000000000000000000e+00,0.000000000000000000e+00
3.083230439799062861e+00,3.119510251240863674e+00,3.101317294939531344e+00,6.550000000000000000e+02,2.475352122093485008e+01,1.266752979961877514e+02,0.000000000000000000e+00,0.000000000000000000e+00
3.119510251240863674e+00,3.156216960621028633e+00,3.137809931113989315e+00,2.950000000000000000e+02,2.422686286348181284e+01,5.501194323281077203e+01,0.000000000000000000e+00,0.000000000000000000e+00
3.156216960621028633e+00,3.193355591169904972e+00,3.174731969496707773e+00,8.300000000000000000e+01,2.371790363382817191e+01,1.217265751099216864e+01,0.000000000000000000e+00,0.000000000000000000e+00
3.193355591169904972e+00,3.230931225225274428e+00,3.212088462785320342e+00,4.300000000000000000e+01,2.322684235670521602e+01,4.102805628677698380e+00,0.000000000000000000e+00,0.000000000000000000e+00
3.230931225225274428e+00,3.268949004927863999e+00,3.249884523131633784e+00,2.100000000000000000e+01,2.275378767680590286e+01,-3.676632005989542429e-01,0.000000000000000000e+00,0.000000000000000000e+00
3.268949004927863999e+00,3.307414132925035055e+00,3.288125322841215503e+00,2.300000000000000000e+01,2.229876920229504123e+01,1.484979764275945191e-01,0.000000000000000000e+00,0.000000000000000000e+00
3.307414132925035055e+00,3.346331873082753372e+00,3.326816095081211788e+00,2.000000000000000000e+01,2.186174777603708463e+01,-3.981790480833950485e-01,1.000000000000000000e+00,1.000000000000000000e+00
3.346331873082753372e+00,3.385707551205937360e+00,3.365962134596494071e+00,1.500000000000000000e+01,2.144262489603852373e+01,-1.391309890062322641e+00,1.000000000000000000e+00,1.000000000000000000e+00
3.385707551205937360e+00,3.425546555767282175e+00,3.405568798434231770e+00,1.700000000000000000e+01,2.104125131479802135e+01,-8.810084566088314251e-01,1.000000000000000000e+00,1.000000000000000000e+00
3.425546555767282175e+00,3.465854338644661414e+00,3.445641506676994759e+00,1.700000000000000000e+01,2.065743485338942875e+01,-8.047081563434340667e-01,1.000000000000000000e+00,1.000000000000000000e+00
3.465854338644661414e+00,3.506636415867202761e+00,3.486185743184477825e+00,1.000000000000000000e+01,2.029094747047235714e+01,-2.284568572167547273e+00,1.000000000000000000e+00,1.000000000000000000e+00
3.506636415867202761e+00,3.547898368370145050e+00,3.527207056343954150e+00,1.100000000000000000e+01,1.994153162930744116e+01,-2.002316200957414694e+00,1.000000000000000000e+00,1.000000000000000000e+00
3.547898368370145050e+00,3.589645842758575789e+00,3.568711059829560384e+00,1.300000000000000000e+01,1.960890600749805301e+01,-1.492460662132255589e+00,0.000000000000000000e+00,0.000000000000000000e+00
3.589645842758575789e+00,3.631884552080157480e+00,3.610703433370515469e+00,2.200000000000000000e+01,1.929277059480780920e+01,6.163505082567999338e-01,0.000000000000000000e+00,0.000000000000000000e+00
3.631884552080157480e+00,3.674620276606944458e+00,3.653189923528378014e+00,5.000000000000000000e+01,1.899281122420972778e+01,7.114883077158628666e+00,0.000000000000000000e+00,0.000000000000000000e+00
3.674620276606944458e+00,3.717858864626400806e+00,3.696176344483450560e+00,3.500000000000000000e+01,1.870870358047733362e+01,3.766463808185395390e+00,0.000000000000000000e+00,0.000000000000000000e+00
3.717858864626400806e+00,3.761606233241723718e+00,3.739668578830437795e+00,2.700000000000000000e+01,1.844011672927818424e+01,1.993361240202396800e+00,0.000000000000000000e+00,0.000000000000000000e+00
3.761606233241723718e+00,3.805868369181587330e+00,3.783672578383464380e+00,1.400000000000000000e+01,1.818671620800127187e+01,-9.817397569570393001e-01,0.000000000000000000e+00,0.000000000000000000e+00
3.805868369181587330e+00,3.850651329619413143e+00,3.828194364990569198e+00,9.000000000000000000e+00,1.794816671754718485e+01,-2.112146410893835036e+00,0.000000000000000000e+00,0.000000000000000000e+00
3.850651329619413143e+00,3.895961243002279417e+00,3.873240031357781277e+00,1.200000000000000000e+01,1.772413445212313832e+01,-1.359650567420935818e+00,1.000000000000000000e+00,1.000000000000000000e+00
3.895961243002279417e+00,3.941804309889585411e+00,3.918815741882893278e+00,8.000000000000000000e+00,1.751428910178628584e+01,-2.273422148329825365e+00,1.000000000000000000e+00,1.000000000000000000e+00
3.941804309889585411e+00,3.988186803801585079e+00,3.964927733499043150e+00,1.600000000000000000e+01,1.731830556012883449e+01,-3.167841068568841290e-01,1.000000000000000000e+00,1.000000000000000000e+00
3.988186803801585079e+00,4.035115072077902987e+00,4.011582316528226499e+00,1.400000000000000000e+01,1.713586536714461417e+01,-7.575379390465255547e-01,1.000000000000000000e+00,1.000000000000000000e+00
4.035115072077902987e+00,4.082595536746153719e+00,4.058785875544851152e+00,8.000000000000000000e+00,1.696665791499653864e+01,-2.176869776033147907e+00,1.000000000000000000e+00,1.000000000000000000e+00
4.082595536746153719e+00,4.130634695400781986e+00,4.106544870249446255e+00,1.400000000000000000e+01,1.681038144214860353e+01,-6.854511114561879781e-01,1.000000000000000000e+00,1.000000000000000000e+00
4.130634695400781986e+00,4.179239122092245573e+00,4.154865836352665376e+00,1.800000000000000000e+01,1.666674383915406210e+01,3.265789729629854365e-01,1.000000000000000000e+00,1.000000000000000000e+00
4.179239122092245573e+00,4.228415468226653928e+00,4.203755386469677724e+00,1.800000000000000000e+01,1.653546328732221582e+01,3.601571817178034207e-01,1.000000000000000000e+00,1.000000000000000000e+00
4.228415468226653928e+00,4.278170463476005381e+00,4.253220211025093178e+00,1.700000000000000000e+01,1.641626874952708448e+01,1.440707170043626917e-01,1.000000000000000000e+00,1.000000000000000000e+00
4.278170463476005381e+00,4.328510916699120692e+00,4.303267079168526799e+00,9.000000000000000000e+00,1.630890033058272337e+01,-1.809837990392977769e+00,1.000000000000000000e+00,1.000000000000000000e+00
4.328510916699120692e+00,4.379443716873425707e+00,4.353902839700950267e+00,1.300000000000000000e+01,1.621310952289146456e+01,-7.979806695700999430e-01,1.000000000000000000e+00,1.000000000000000000e+00
4.379443716873425707e+00,4.430975834037688799e+00,4.405134422011926176e+00,9.000000000000000000e+00,1.612865935147696916e+01,-1.775042383676580515e+00,1.000000000000000000e+00,1.000000000000000000e+00
4.430975834037688799e+00,4.483114320245855211e+00,4.456968837027883268e+00,1.000000000000000000e+01,1.605532443103961882e+01,-1.511220630500890838e+00,1.000000000000000000e+00,1.000000000000000000e+00
4.483114320245855211e+00,4.535866310532108869e+00,4.509413178171548964e+00,1.400000000000000000e+01,1.599289094631675567e+01,-4.983334576075289513e-01,1.000000000000000000e+00,1.000000000000000000e+00
4.535866310532108869e+00,4.589239023887276225e+00,4.562474622332660878e+00,1.900000000000000000e+01,1.594115656578799012e+01,7.661209433235294242e-01,1.000000000000000000e+00,1.000000000000000000e+00
4.589239023887276225e+00,4.643239764246740009e+00,4.616160430850112739e+00,1.600000000000000000e+01,1.589993029763333077e+01,2.509602844001463176e-02,1.000000000000000000e+00,1.000000000000000000e+00
4.643239764246740009e+00,4.697875921489959694e+00,4.670477950505651954e+00,2.000000000000000000e+01,1.586903229582251917e+01,1.036994797749813735e+00,1.000000000000000000e+00,1.000000000000000000e+00
4.697875921489959694e+00,4.753154972451761218e+00,4.725434614529270938e+00,1.500000000000000000e+01,1.584829362328134650e+01,-2.130860151916603440e-01,1.000000000000000000e+00,1.000000000000000000e+00
4.753154972451761218e+00,4.809084481945526512e+00,4.781037943616426311e+00,1.700000000000000000e+01,1.583755597823992645e+01,2.920975853636981756e-01,1.000000000000000000e+00,1.000000000000000000e+00
4.809084481945526512e+00,4.865672103798418746e+00,4.837295546957227188e+00,1.300000000000000000e+01,1.583667138911167882e+01,-7.128154031787083955e-01,1.000000000000000000e+00,1.000000000000000000e+00
4.865672103798418746e+00,4.922925581898790703e+00,4.894215123277739998e+00,1.300000000000000000e+01,1.584550188257421510e+01,-7.148351138257243997e-01,1.000000000000000000e+00,1.000000000000000000e+00
4.922925581898790703e+00,4.980852751255922861e+00,4.951804461893538623e+00,1.700000000000000000e+01,1.586391912891905775e+01,2.852357808191812727e-01,1.000000000000000000e+00,1.000000000000000000e+00
4.980852751255922861e+00,5.039461539072222607e+00,5.010071443775656164e+00,1.400000000000000000e+01,1.589180406819948921e+01,-4.745582786821650467e-01,1.000000000000000000e+00,1.000000000000000000e+00
5.039461539072222607e+00,5.098759965828046248e+00,5.069024042629077798e+00,1.300000000000000000e+01,1.592904652023032064e+01,-7.338906911920866083e-01,1.000000000000000000e+00,1.000000000000000000e+00
5.098759965828046248e+00,5.158756146379280594e+00,5.128670325983923028e+00,1.800000000000000000e+01,1.597554478107375253e+01,5.065010338054560801e-01,1.000000000000000000e+00,1.000000000000000000e+00
5.158756146379280594e+00,5.219458291067845757e+00,5.189018456299471005e+00,2.300000000000000000e+01,1.603120520827840778e+01,1.740502251705777992e+00,1.000000000000000000e+00,1.000000000000000000e+00
5.219458291067845757e+00,5.280874706845262168e+00,5.250076692081171892e+00,1.400000000000000000e+01,1.609594179681734971e+01,-5.224214760156005166e-01,1.000000000000000000e+00,1.000000000000000000e+00
5.280874706845262168e+00,5.343013798409435466e+00,5.311853389010809501e+00,1.300000000000000000e+01,1.616967574739380353e+01,-7.882503665330661269e-01,1.000000000000000000e+00,1.000000000000000000e+00
5.343013798409435466e+00,5.405884069354823573e+00,5.374357001089951069e+00,1.900000000000000000e+01,1.625233502854390011e+01,6.815628244420912640e-01,1.000000000000000000e+00,1.000000000000000000e+00
5.405884069354823573e+00,5.469494123336130720e+00,5.437596081796864489e+00,1.500000000000000000e+01,1.634385393376255990e+01,-3.324105743835970572e-01,1.000000000000000000e+00,1.000000000000000000e+00
5.469494123336130720e+00,5.533852665245701630e+00,5.501579285257038876e+00,2.000000000000000000e+01,1.644417263470664636e+01,8.768688737301936209e-01,1.000000000000000000e+00,1.000000000000000000e+00
5.533852665245701630e+00,5.598968502404764180e+00,5.566315367427481675e+00,1.300000000000000000e+01,1.655323673138670770e+01,-8.733386489006145226e-01,1.000000000000000000e+00,1.000000000000000000e+00
5.598968502404764180e+00,5.664850545768692847e+00,5.631813187294953948e+00,1.800000000000000000e+01,1.667099680014175078e+01,3.254956901703816574e-01,1.000000000000000000e+00,1.000000000000000000e+00
5.664850545768692847e+00,5.731507811146451914e+00,5.698081708088302832e+00,2.500000000000000000e+01,1.679740794009764215e+01,2.001381949252189596e+00,1.000000000000000000e+00,1.000000000000000000e+00
5.731507811146451914e+00,5.798949420434388102e+00,5.765129998505053699e+00,1.600000000000000000e+01,1.693242931873727386e+01,-2.265981109681387828e-01,1.000000000000000000e+00,1.000000000000000000e+00
5.798949420434388102e+00,5.867184602864544019e+00,5.832967233952451203e+00,1.600000000000000000e+01,1.707602371715652367e+01,-2.603924988186929745e-01,1.000000000000000000e+00,1.000000000000000000e+00
5.867184602864544019e+00,5.936222696267654975e+00,5.901602697803083331e+00,1.300000000000000000e+01,1.722815707554241271e+01,-1.018665743390261502e+00,1.000000000000000000e+00,1.000000000000000000e+00
5.936222696267654975e+00,6.006073148351011248e+00,5.971045782665295398e+00,2.200000000000000000e+01,1.738879803938780455e+01,1.105807069464910475e+00,1.000000000000000000e+00,1.000000000000000000e+00
6.006073148351011248e+00,6.076745517991354539e+00,6.041305991668542319e+00,2.100000000000000000e+01,1.755791750694672970e+01,8.214568818483676260e-01,1.000000000000000000e+00,1.000000000000000000e+00
6.076745517991354539e+00,6.148249476542990699e+00,6.112392939763878097e+00,1.900000000000000000e+01,1.773548817843649061e+01,3.002626548588289146e-01,1.000000000000000000e+00,1.000000000000000000e+00
6.148249476542990699e+00,6.220594809161290151e+00,6.184316355039734425e+00,1.500000000000000000e+01,1.792148410750416332e+01,-6.901071744574660549e-01,1.000000000000000000e+00,1.000000000000000000e+00
6.220594809161290151e+00,6.293791416141767847e+00,6.257086080053188226e+00,1.900000000000000000e+01,1.811588025549501424e+01,2.077214611438663872e-01,1.000000000000000000e+00,1.000000000000000000e+00
6.293791416141767847e+00,6.367849314274911521e+00,6.330712073176893107e+00,1.700000000000000000e+01,1.831865204908729439e+01,-3.080941535724776581e-01,1.000000000000000000e+00,1.000000000000000000e+00
6.367849314274911521e+00,6.442778638216962506e+00,6.405204409961865686e+00,1.700000000000000000e+01,1.852977494189065055e+01,-3.553795806299273052e-01,1.000000000000000000e+00,1.000000000000000000e+00
6.442778638216962506e+00,6.518589641876814333e+00,6.480573284516293775e+00,1.400000000000000000e+01,1.874922398064279250e+01,-1.096808994901526724e+00,1.000000000000000000e+00,1.000000000000000000e+00
6.518589641876814333e+00,6.595292699819242266e+00,6.556829010900580457e+00,2.400000000000000000e+01,1.897697337667982609e+01,1.153060263612252667e+00,1.000000000000000000e+00,1.000000000000000000e+00
6.595292699819242266e+00,6.672898308684637847e+00,6.633982024538803479e+00,1.600000000000000000e+01,1.921299608339857201e+01,-7.330146407537400099e-01,1.000000000000000000e+00,1.000000000000000000e+00
6.672898308684637847e+00,6.751417088625448315e+00,6.712042883646775593e+00,2.100000000000000000e+01,1.945726338047409243e+01,3.497445128212277043e-01,1.000000000000000000e+00,1.000000000000000000e+00
6.751417088625448315e+00,6.830859784759521602e+00,6.791022270676910999e+00,2.200000000000000000e+01,1.970974446563975846e+01,5.158737676379370196e-01,1.000000000000000000e+00,1.000000000000000000e+00
6.830859784759521602e+00,6.911237268640554099e+00,6.870930993780100415e+00,1.300000000000000000e+01,1.997040605488206921e+01,-1.559784608662310834e+00,1.000000000000000000e+00,1.000000000000000000e+00
6.911237268640554099e+00,6.992560539745832138e+00,6.951779988284777723e+00,1.700000000000000000e+01,2.023921199194438358e+01,-7.200167039086389220e-01,1.000000000000000000e+00,1.000000000000000000e+00
6.992560539745832138e+00,7.074840726981492800e+00,7.033580318193394909e+00,1.600000000000000000e+01,2.051612286807400309e+01,-9.970526759097946279e-01,1.000000000000000000e+00,1.000000000000000000e+00
7.074840726981492800e+00,7.158089090205485228e+00,7.116343177696510480e+00,1.600000000000000000e+01,2.080109565298452168e+01,-1.052682135998322721e+00,1.000000000000000000e+00,1.000000000000000000e+00
7.158089090205485228e+00,7.242317021768456264e+00,7.200079892704682294e+00,1.900000000000000000e+01,2.109408333803719415e+01,-4.559462336079432299e-01,1.000000000000000000e+00,1.000000000000000000e+00
7.242317021768456264e+00,7.327536048072772701e+00,7.284801922398398411e+00,1.400000000000000000e+01,2.139503459267434948e+01,-1.598761617718261308e+00,1.000000000000000000e+00,1.000000000000000000e+00
7.327536048072772701e+00,7.413757831149876409e+00,7.370520860796239582e+00,1.500000000000000000e+01,2.170389343515958913e+01,-1.438991663500533313e+00,1.000000000000000000e+00,1.000000000000000000e+00
7.413757831149876409e+00,7.500994170256213067e+00,7.457248438341488317e+00,2.300000000000000000e+01,2.202059891869653541e+01,2.087113252757675785e-01,1.000000000000000000e+00,1.000000000000000000e+00
7.500994170256213067e+00,7.589257003487931641e+00,7.544996523507423447e+00,2.800000000000000000e+01,2.234508483400767531e+01,1.196286192626342393e+00,1.000000000000000000e+00,1.000000000000000000e+00
7.589257003487931641e+00,7.678558409414584673e+00,7.633777124421487592e+00,1.800000000000000000e+01,2.267727942945736430e+01,-9.821952748985576243e-01,1.000000000000000000e+00,1.000000000000000000e+00
7.678558409414584673e+00,7.768910608732054968e+00,7.723602390508570004e+00,2.700000000000000000e+01,2.301710514979780697e+01,8.301823391139911967e-01,1.000000000000000000e+00,1.000000000000000000e+00
7.768910608732054968e+00,7.860325965934928050e+00,7.814484614153635711e+00,2.100000000000000000e+01,2.336447839460411657e+01,-4.891671733264905675e-01,1.000000000000000000e+00,1.000000000000000000e+00
7.860325965934928050e+00,7.952816991008554659e+00,7.906436232383907026e+00,2.000000000000000000e+01,2.371930929744218020e+01,-7.636797530903359776e-01,1.000000000000000000e+00,1.000000000000000000e+00
7.952816991008554659e+00,8.046396341140990671e+00,7.999469828570837215e+00,2.600000000000000000e+01,2.408150152678377154e+01,3.909486129761864381e-01,1.000000000000000000e+00,1.000000000000000000e+00
8.046396341140990671e+00,8.141076822455133311e+00,8.093598134152122370e+00,2.400000000000000000e+01,2.445095210964240096e+01,-9.119741648763461661e-02,1.000000000000000000e+00,1.000000000000000000e+00
8.141076822455133311e+00,8.236871391761193095e+00,8.188834030373969952e+00,2.300000000000000000e+01,2.482755127885748081e+01,-3.667774508616330476e-01,1.000000000000000000e+00,1.000000000000000000e+00
8.236871391761193095e+00,8.333793158329809714e+00,8.285190550053870950e+00,3.000000000000000000e+01,2.521118234489506094e+01,9.537437255603645747e-01,1.000000000000000000e+00,1.000000000000000000e+00
8.333793158329809714e+00,8.431855385686024107e+00,8.382680879364103887e+00,2.300000000000000000e+01,2.560172159296822514e+01,-5.141930900824558393e-01,1.000000000000000000e+00,1.000000000000000000e+00
8.431855385686024107e+00,8.531071493424359886e+00,8.481318359636237147e+00,2.600000000000000000e+01,2.599903820620572859e+01,1.886267706119229396e-04,1.000000000000000000e+00,1.000000000000000000e+00
8.531071493424359886e+00,8.631455059045270772e+00,8.581116489186857876e+00,2.600000000000000000e+01,2.640299421551254966e+01,-7.842819539074150081e-02,0.000000000000000000e+00,0.000000000000000000e+00
8.631455059045270772e+00,8.733019819813184981e+00,8.682088925164791249e+00,2.600000000000000000e+01,2.681344447667612130e+01,-1.570911109082274160e-01,0.000000000000000000e+00,0.000000000000000000e+00
8.733019819813184981e+00,8.835779674636420111e+00,8.784249485420046355e+00,3.400000000000000000e+01,2.723023667517124125e+01,1.297321984408627227e+00,0.000000000000000000e+00,0.000000000000000000e+00
8.835779674636420111e+00,8.939748685969220787e+00,8.887612150394755162e+00,2.900000000000000000e+01,2.765321135901017868e+01,2.561100720396319308e-01,0.000000000000000000e+00,0.000000000000000000e+00
8.939748685969220787e+00,9.044941081736169508e+00,8.992191065036371000e+00,2.500000000000000000e+01,2.808220199987217569e+01,-5.816282849929602650e-01,0.000000000000000000e+00,0.000000000000000000e+00
9.044941081736169508e+00,9.151371257279251381e+00,9.098000540733369945e+00,2.600000000000000000e+01,2.851703508262502140e+01,-4.713430240773665014e-01,0.000000000000000000e+00,0.000000000000000000e+00
9.151371257279251381e+00,9.259053777327816093e+00,9.205055057273728636e+00,6.000000000000000000e+01,2.895753022322881165e+01,5.768667505529045059e+00,0.000000000000000000e+00,0.000000000000000000e+00
9.259053777327816093e+00,9.368003377991735547e+00,9.313369264826457439e+00,7.800000000000000000e+01,2.940350031488136295e+01,8.962010989347788836e+00,0.000000000000000000e+00,0.000000000000000000e+00
9.368003377991735547e+00,9.478234968778002312e+00,9.422957985946435855e+00,1.230000000000000000e+02,2.985475170213270957e+01,1.704723597809197599e+01,0.000000000000000000e+00,0.000000000000000000e+00
9.478234968778002312e+00,9.589763634631067291e+00,9.533836217602850382e+00,1.060000000000000000e+02,3.031108438256014281e+01,1.374774748165185834e+01,0.000000000000000000e+00,0.000000000000000000e+00
9.589763634631067291e+00,9.702604637997175985e+00,9.646019133231492404e+00,5.500000000000000000e+01,3.077229223545838366e+01,4.367494859262301077e+00,0.000000000000000000e+00,0.000000000000000000e+00
9.702604637997175985e+00,9.816773420912999981e+00,9.759522084811216303e+00,4.600000000000000000e+01,3.123816327686154892e+01,2.641177884492672767e+00,0.000000000000000000e+00,0.000000000000000000e+00
9.816773420912999981e+00,9.932285607118846116e+00,9.874360604964810051e+00,6.100000000000000000e+01,3.170847994007587189e+01,5.201806561005827945e+00,0.000000000000000000e+00,0.000000000000000000e+00
9.932285607118846116e+00,1.004915700419673286e+01,9.990550409084614003e+00,8.400000000000000000e+01,3.218301938076635338e+01,9.133951676257499486e+00,0.000000000000000000e+00,0.000000000000000000e+00
1.004915700419673286e+01,1.016740360573361635e+01,1.010810739748312592e+01,8.200000000000000000e+01,3.266155380550604548e+01,8.633105485137074098e+00,0.000000000000000000e+00,0.000000000000000000e+00
1.016740360573361635e+01,1.028704159351008052e+01,1.022704765756892797e+01,5.500000000000000000e+01,3.314385082256740844e+01,3.796401737311218216e+00,0.000000000000000000e+00,0.000000000000000000e+00
1.028704159351008052e+01,1.040808733971477551e+01,1.034738746604820925e+01,6.900000000000000000e+01,3.362967381360870434e+01,6.099268293362153592e+00,0.000000000000000000e+00,0.000000000000000000e+00
1.040808733971477551e+01,1.053055740918491701e+01,1.046914329115220177e+01,5.200000000000000000e+01,3.411878232478896678e+01,3.061260787248399673e+00,0.000000000000000000e+00,0.000000000000000000e+00
1.053055740918491701e+01,1.065446856167314493e+01,1.059233179489081600e+01,2.600000000000000000e+01,3.461093247573082010e+01,-1.463671220595996525e+00,0.000000000000000000e+00,0.000000000000000000e+00
1.065446856167314493e+01,1.077983775414105772e+01,1.071696983533279912e+01,4.300000000000000000e+01,3.510587738464491281e+01,1.332336580409370308e+00,0.000000000000000000e+00,0.000000000000000000e+00
1.077983775414105772e+01,1.090668214307973649e+01,1.084307446891272875e+01,3.700000000000000000e+01,3.560336760783173560e+01,2.340650502341177774e-01,0.000000000000000000e+00,0.000000000000000000e+00
1.090668214307973649e+01,1.103501908685756661e+01,1.097066295276513692e+01,3.900000000000000000e+01,3.610315159168791155e+01,4.821178506821162668e-01,0.000000000000000000e+00,0.000000000000000000e+00
1.103501908685756661e+01,1.116486614809569922e+01,1.109975274708612325e+01,4.500000000000000000e+01,3.660497613526572991e+01,1.387560317387537490e+00,0.000000000000000000e+00,0.000000000000000000e+00
1.116486614809569922e+01,1.129624109607145144e+01,1.123036151752273781e+01,3.600000000000000000e+01,3.710858686136599260e+01,-1.819837119059554975e-01,0.000000000000000000e+00,0.000000000000000000e+00
1.129624109607145144e+01,1.142916190914999142e+01,1.136250713759047848e+01,4.000000000000000000e+01,3.761372869408797470e+01,3.890869145255967942e-01,0.000000000000000000e+00,0.000000000000000000e+00
1.142916190914999142e+01,1.156364677724463697e+01,1.149620769111925256e+01,3.900000000000000000e+01,3.812014634071417163e+01,1.425060049062533418e-01,0.000000000000000000e+00,0.000000000000000000e+00
1.156364677724463697e+01,1.169971410430610881e+01,1.163148147472809946e+01,4.500000000000000000e+01,3.862758477577423122e+01,1.025310227149925035e+00,1.000000000000000000e+00,1.000000000000000000e+00
1.169971410430610881e+01,1.183738251084106174e+01,1.176834700032904379e+01,4.300000000000000000e+01,3.913578972511216136e+01,6.176944511240752833e-01,1.000000000000000000e+00,1.000000000000000000e+00
1.183738251084106174e+01,1.197667083646027031e+01,1.190682299766041652e+01,4.400000000000000000e+01,3.964450814777018905e+01,6.917444582658859309e-01,1.000000000000000000e+00,1.000000000000000000e+00
1.197667083646027031e+01,1.211759814245677269e+01,1.204692841684996374e+01,3.900000000000000000e+01,4.015348871350824567e+01,-1.820336624879568821e-01,1.000000000000000000e+00,1.000000000000000000e+00
1.211759814245677269e+01,1.226018371441437793e+01,1.218868243100813764e+01,4.900000000000000000e+01,4.066248227379263369e+01,1.307494367867234608e+00,1.000000000000000000e+00,1.000000000000000000e+00
1.226018371441437793e+01,1.240444706484684723e+01,1.233210443885189278e+01,4.300000000000000000e+01,4.117124232411671159e+01,2.850093948940409794e-01,1.000000000000000000e+00,1.000000000000000000e+00
1.240444706484684723e+01,1.255040793586814196e+01,1.247721406735935368e+01,4.400000000000000000e+01,4.167952545555561983e+01,3.594309127609214838e-01,1.000000000000000000e+00,1.000000000000000000e+00
1.255040793586814196e+01,1.269808630189408660e+01,1.262403117445572853e+01,5.200000000000000000e+01,4.218709179351019856e+01,1.510803361168629788e+00,1.000000000000000000e+00,1.000000000000000000e+00
1.269808630189408660e+01,1.284750237237581594e+01,1.277257585173081367e+01,4.000000000000000000e+01,4.269370542165679439e+01,-4.122571302522607395e-01,1.000000000000000000e+00,1.000000000000000000e+00
1.284750237237581594e+01,1.299867659456540991e+01,1.292286842718848838e+01,4.300000000000000000e+01,4.319913478919490046e+01,-3.029769674365553889e-02,1.000000000000000000e+00,1.000000000000000000e+00
1.299867659456540991e+01,1.315162965631402159e+01,1.307492946802855194e+01,5.100000000000000000e+01,4.370315309956662730e+01,1.103770666872701423e+00,1.000000000000000000e+00,1.000000000000000000e+00
1.315162965631402159e+01,1.330638248890299913e+01,1.322877978346129524e+01,3.100000000000000000e+01,4.420553867891644728e+01,-1.986176220623527389e+00,1.000000000000000000e+00,1.000000000000000000e+00
1.330638248890299913e+01,1.346295626990827010e+01,1.338444042755520869e+01,5.300000000000000000e+01,4.470607532265988482e+01,1.240443004338215749e+00,1.000000000000000000e+00,1.000000000000000000e+00
1.346295626990827010e+01,1.362137242609843568e+01,1.354193270211817079e+01,4.100000000000000000e+01,4.520455261863992291e+01,-6.253579916049907261e-01,1.000000000000000000e+00,1.000000000000000000e+00
1.362137242609843568e+01,1.378165263636698867e+01,1.370127815961255813e+01,4.400000000000000000e+01,4.570076624546572219e+01,-2.515839242764901784e-01,1.000000000000000000e+00,1.000000000000000000e+00
1.378165263636698867e+01,1.394381883469901418e+01,1.386249860610464957e+01,4.000000000000000000e+01,4.619451824474979418e+01,-9.114069064947011301e-01,1.000000000000000000e+00,1.000000000000000000e+00
1.394381883469901418e+01,1.410789321317280631e+01,1.402561610424873173e+01,5.100000000000000000e+01,4.668561726608769646e+01,6.314327692674270853e-01,1.000000000000000000e+00,1.000000000000000000e+00
1.410789321317280631e+01,1.427389822499680960e+01,1.419065297630633538e+01,5.100000000000000000e+01,4.717387878375443933e+01,5.570676405658806507e-01,1.000000000000000000e+00,1.000000000000000000e+00
1.427389822499680960e+01,1.444185658758228286e+01,1.435763180720097942e+01,4.900000000000000000e+01,4.765912528422707339e+01,1.942294891708810367e-01,1.000000000000000000e+00,1.000000000000000000e+00
1.444185658758228286e+01,1.461179128565212970e+01,1.452657544760886132e+01,5.100000000000000000e+01,4.814118642377806623e+01,4.120286746498115216e-01,1.000000000000000000e+00,1.000000000000000000e+00
1.461179128565212970e+01,1.478372557438630430e+01,1.469750701708593610e+01,5.100000000000000000e+01,4.861989915552270247e+01,3.413409018321573729e-01,1.000000000000000000e+00,1.000000000000000000e+00
1.478372557438630430e+01,1.495768298260423101e+01,1.487044990723175708e+01,3.800000000000000000e+01,4.909510782544096941e+01,-1.583479400829226336e+00,1.000000000000000000e+00,1.000000000000000000e+00
1.495768298260423101e+01,1.513368731598467143e+01,1.504542778489057930e+01,4.500000000000000000e+01,4.956666423703173763e+01,-6.486407588815102931e-01,1.000000000000000000e+00,1.000000000000000000e+00
1.513368731598467143e+01,1.531176266032347399e+01,1.522246459539010033e+01,5.100000000000000000e+01,5.003442768439347788e+01,1.365055588022920097e-01,1.000000000000000000e+00,1.000000000000000000e+00
1.531176266032347399e+01,1.549193338482966631e+01,1.540158456581833413e+01,6.100000000000000000e+01,5.049826495365816470e+01,1.477824386088173458e+00,1.000000000000000000e+00,1.000000000000000000e+00
1.549193338482966631e+01,1.567422414546031995e+01,1.558281220833903191e+01,5.800000000000000000e+01,5.095805029283637566e+01,9.864759858249497748e-01,1.000000000000000000e+00,1.000000000000000000e+00
1.567422414546031995e+01,1.585865988829467099e+01,1.576617232354611176e+01,5.500000000000000000e+01,5.141366535025839113e+01,5.001629628412730399e-01,1.000000000000000000e+00,1.000000000000000000e+00
1.585865988829467099e+01,1.604526585294792440e+01,1.595169000385756775e+01,4.400000000000000000e+01,5.186499908191856889e+01,-1.092097691267524429e+00,1.000000000000000000e+00,1.000000000000000000e+00
1.604526585294792440e+01,1.623406757602524664e+01,1.613939063694930809e+01,3.600000000000000000e+01,5.231194762814734389e+01,-2.255305471987966381e+00,1.000000000000000000e+00,1.000000000000000000e+00
1.623406757602524664e+01,1.642509089461639249e+01,1.632929990922940533e+01,6.300000000000000000e+01,5.275441416014852081e+01,1.410611415266768365e+00,1.000000000000000000e+00,1.000000000000000000e+00
1.642509089461639249e+01,1.661836194983143855e+01,1.652144380935322232e+01,5.900000000000000000e+01,5.319230869704470166e+01,7.963043790608901329e-01,1.000000000000000000e+00,1.000000000000000000e+00
1.661836194983143855e+01,1.681390719037815984e+01,1.671584863177989178e+01,5.900000000000000000e+01,5.362554789417552570e+01,7.339193291848814527e-01,1.000000000000000000e+00,1.000000000000000000e+00
1.681390719037815984e+01,1.701175337618145633e+01,1.691254098037067166e+01,5.600000000000000000e+01,5.405405480348604641e+01,2.646771601851922173e-01,1.000000000000000000e+00,1.000000000000000000e+00
1.701175337618145633e+01,1.721192758204538720e+01,1.711154777202960631e+01,4.700000000000000000e+01,5.447775860693037231e+01,-1.013122185932543884e+00,1.000000000000000000e+00,1.000000000000000000e+00
1.721192758204538720e+01,1.741445720135831721e+01,1.731289624038705455e+01,4.400000000000000000e+01,5.489659432389721161e+01,-1.470679644080913562e+00,1.000000000000000000e+00,1.000000000000000000e+00
1.741445720135831721e+01,1.761936994984161231e+01,1.751661393952654322e+01,6.100000000000000000e+01,5.531050249373654282e+01,7.650152796208743444e-01,1.000000000000000000e+00,1.000000000000000000e+00
1.761936994984161231e+01,1.782669386934249900e+01,1.772272874775548956e+01,4.300000000000000000e+01,5.571942883453520068e+01,-1.703979171181140950e+00,1.000000000000000000e+00,1.000000000000000000e+00
1.782669386934249900e+01,1.803645733167151377e+01,1.793126887142028636e+01,5.100000000000000000e+01,5.612332387934920064e+01,-6.838803406901462489e-01,1.000000000000000000e+00,1.000000000000000000e+00
1.803645733167151377e+01,1.824868904248511470e+01,1.814226284876625428e+01,5.300000000000000000e+01,5.652214259115562811e+01,-4.684870881224449390e-01,1.000000000000000000e+00,1.000000000000000000e+00
1.824868904248511470e+01,1.846341804521400576e+01,1.835573955384306544e+01,5.400000000000000000e+01,5.691584395783458916e+01,-3.864983897431115145e-01,1.000000000000000000e+00,1.000000000000000000e+00
1.846341804521400576e+01,1.868067372503765355e+01,1.857172820045607153e+01,4.900000000000000000e+01,5.730439056853428781e+01,-1.097018161312740991e+00,1.000000000000000000e+00,1.000000000000000000e+00
1.868067372503765355e+01,1.890048581290557550e+01,1.879025834616416546e+01,4.500000000000000000e+01,5.768774817280988287e+01,-1.670485678994122924e+00,1.000000000000000000e+00,1.000000000000000000e+00
1.890048581290557550e+01,1.912288438960597148e+01,1.901135989632464884e+01,5.600000000000000000e+01,5.806588522395621510e+01,-2.711100791232088358e-01,1.000000000000000000e+00,1.000000000000000000e+00
1.912288438960597148e+01,1.934789988988219278e+01,1.923506310818572018e+01,5.400000000000000000e+01,5.843877240798544648e+01,-5.806471992405675131e-01,1.000000000000000000e+00,1.000000000000000000e+00
1.934789988988219278e+01,1.957556310659768073e+01,1.946139859502710934e+01,5.200000000000000000e+01,5.880638215971889338e+01,-8.875730335837130891e-01,1.000000000000000000e+00,1.000000000000000000e+00
1.957556310659768073e+01,1.980590519494989721e+01,1.969039733034944462e+01,5.800000000000000000e+01,5.916868816748474558e+01,-1.519331970942680854e-01,1.000000000000000000e+00,1.000000000000000000e+00
1.980590519494989721e+01,2.003895767673385109e+01,1.992209065211289953e+01,5.900000000000000000e+01,5.952566486792780154e+01,-6.813289223066092137e-02,1.000000000000000000e+00,1.000000000000000000e+00
2.003895767673385109e+01,2.027475244465573923e+01,2.015651026702570192e+01,4.900000000000000000e+01,5.987728693244941525e+01,-1.405689911456588170e+00,1.000000000000000000e+00,1.000000000000000000e+00
2.027475244465573923e+01,2.051332176669747298e+01,2.039368825488315906e+01,5.700000000000000000e+01,6.022352874680912294e+01,-4.153827411918583068e-01,1.000000000000000000e+00,1.000000000000000000e+00
2.051332176669747298e+01,2.075469829053241355e+01,2.063365707295769980e+01,5.800000000000000000e+01,6.056436388542559968e+01,-3.295118761575773769e-01,1.000000000000000000e+00,1.000000000000000000e+00
2.075469829053241355e+01,2.099891504799315456e+01,2.087644956044056244e+01,5.200000000000000000e+01,6.089976458192490583e+01,-1.140435458248343359e+00,1.000000000000000000e+00,1.000000000000000000e+00
2.099891504799315456e+01,2.124600545959185283e+01,2.112209894293576440e+01,6.700000000000000000e+01,6.122970119749012952e+01,7.374239401928019966e-01,1.000000000000000000e+00,1.000000000000000000e+00
2.124600545959185283e+01,2.149600333909375038e+01,2.137063883700696820e+01,5.100000000000000000e+01,6.155414168857404889e+01,-1.345222988347932969e+00,1.000000000000000000e+00,1.000000000000000000e+00
2.149600333909375038e+01,2.174894289814450588e+01,2.162210325477781936e+01,5.400000000000000000e+01,6.187305107554390560e+01,-1.000903718407963217e+00,1.000000000000000000e+00,1.000000000000000000e+00
2.174894289814450588e+01,2.200485875095198907e+01,2.187652660858643472e+01,6.200000000000000000e+01,6.218639091383573714e+01,-2.363616762614524636e-02,1.000000000000000000e+00,1.000000000000000000e+00
2.200485875095198907e+01,2.226378591902316018e+01,2.213394371569464525e+01,6.200000000000000000e+01,6.249411876920615327e+01,-6.250457071285488164e-02,1.000000000000000000e+00,1.000000000000000000e+00
2.226378591902316018e+01,2.252575983595666642e+01,2.239438980305267179e+01,5.700000000000000000e+01,6.279618769867875017e+01,-7.314351067828999131e-01,1.000000000000000000e+00,1.000000000000000000e+00
2.252575983595666642e+01,2.279081635229186986e+01,2.265790051211984490e+01,5.400000000000000000e+01,6.309254573879670858e+01,-1.144712614747039892e+00,1.000000000000000000e+00,1.000000000000000000e+00
2.279081635229186986e+01,2.305899174041490340e+01,2.292451190374205439e+01,5.600000000000000000e+01,6.338313540280859826e+01,-9.273719885551057196e-01,1.000000000000000000e+00,1.000000000000000000e+00
2.305899174041490340e+01,2.333032269952246196e+01,2.319426046308661427e+01,6.600000000000000000e+01,6.366789318843159151e+01,2.922726638907978680e-01,1.000000000000000000e+00,1.000000000000000000e+00
2.333032269952246196e+01,2.360484636064400732e+01,2.346718310463514356e+01,5.500000000000000000e+01,6.394674909785567962e+01,-1.118809184078473740e+00,1.000000000000000000e+00,1.000000000000000000e+00
2.360484636064400732e+01,2.388260029172307952e+01,2.374331717723526225e+01,4.300000000000000000e+01,6.421962617167626775e+01,-2.647913794096704798e+00,1.000000000000000000e+00,1.000000000000000000e+00
2.388260029172307952e+01,2.416362250275835777e+01,2.402270046921168145e+01,4.900000000000000000e+01,6.448644003846931128e+01,-1.928490012844362944e+00,1.000000000000000000e+00,1.000000000000000000e+00
2.416362250275835777e+01,2.444795145100527023e+01,2.430537121353744823e+01,5.900000000000000000e+01,6.474709848174722993e+01,-7.142306506650552000e-01,1.000000000000000000e+00,1.000000000000000000e+00
2.444795145100527023e+01,2.473562604623876027e+01,2.459136809306604121e+01,6.400000000000000000e+01,6.500150102606966129e+01,-1.242194796855170397e-01,1.000000000000000000e+00,1.000000000000000000e+00
2.473562604623876027e+01,2.502668565607801909e+01,2.488073024582504900e+01,5.200000000000000000e+01,6.524953854411171505e+01,-1.640257493819039736e+00,1.000000000000000000e+00,1.000000000000000000e+00
2.502668565607801909e+01,2.532117011137384210e+01,2.517349727037209206e+01,5.500000000000000000e+01,6.549109288652996952e+01,-1.296371913650011365e+00,1.000000000000000000e+00,1.000000000000000000e+00
2.532117011137384210e+01,2.561911971165940471e+01,2.546970923121382313e+01,5.300000000000000000e+01,6.572603653650206468e+01,-1.569728140058205046e+00,1.000000000000000000e+00,1.000000000000000000e+00
2.561911971165940471e+01,2.592057523066514335e+01,2.576940666428864191e+01,5.800000000000000000e+01,6.595423229085197647e+01,-9.794379668674558781e-01,1.000000000000000000e+00,1.000000000000000000e+00
2.592057523066514335e+01,2.622557792189857295e+01,2.607263058251397325e+01,6.500000000000000000e+01,6.617553296971567534e+01,-1.445060700551208943e-01,1.000000000000000000e+00,1.000000000000000000e+00
2.622557792189857295e+01,2.653416952428971598e+01,2.637942248139876256e+01,7.600000000000000000e+01,6.638978115673354807e+01,1.179458484820749442e+00,1.000000000000000000e+00,1.000000000000000000e+00
2.653416952428971598e+01,2.684639226790298494e+01,2.668982434472206222e+01,5.400000000000000000e+01,6.659680897180007264e+01,-1.543596671174511492e+00,1.000000000000000000e+00,1.000000000000000000e+00
2.684639226790298494e+01,2.716228887971627870e+01,2.700387865027841272e+01,6.900000000000000000e+01,6.679643787843180291e+01,2.696178535295156720e-01,1.000000000000000000e+00,1.000000000000000000e+00
2.716228887971627870e+01,2.748190258946807063e+01,2.732162837569083180e+01,6.900000000000000000e+01,6.698847852785029033e+01,2.457675928485239525e-01,1.000000000000000000e+00,1.000000000000000000e+00
2.748190258946807063e+01,2.780527713557329506e+01,2.764311700429220764e+01,7.400000000000000000e+01,6.717273064190626997e+01,8.330106155880948604e-01,1.000000000000000000e+00,1.000000000000000000e+00
2.780527713557329506e+01,2.813245677110885978e+01,2.796838853107588818e+01,7.800000000000000000e+01,6.734898293699475857e+01,1.297853162185547582e+00,1.000000000000000000e+00,1.000000000000000000e+00
2.813245677110885978e+01,2.846348626986956987e+01,2.829748746871630161e+01,7.900000000000000000e+01,6.751701309112992533e+01,1.397488552767294667e+00,1.000000000000000000e+00,1.000000000000000000e+00
2.846348626986956987e+01,2.879841093249532236e+01,2.863045885366042143e+01,6.800000000000000000e+01,6.767658775636267876e+01,3.931309451648365427e-02,1.000000000000000000e+00,1.000000000000000000e+00
2.879841093249532236e+01,2.913727659267040693e+01,2.896734825229087917e+01,6.200000000000000000e+01,6.782746261872182458e+01,-7.075818933250918041e-01,1.000000000000000000e+00,1.000000000000000000e+00
2.913727659267040693e+01,2.948012962339572951e+01,2.930820176716165903e+01,7.100000000000000000e+01,6.796938250785842683e+01,3.675991202510647815e-01,1.000000000000000000e+00,1.000000000000000000e+00
2.948012962339572951e+01,2.982701694333486131e+01,2.965306604330709561e+01,6.300000000000000000e+01,6.810208155855026746e+01,-6.182543823753133827e-01,1.000000000000000000e+00,1.000000000000000000e+00
2.982701694333486131e+01,3.017798602323474455e+01,3.000198827462515538e+01,7.400000000000000000e+01,6.822528342619366981e+01,6.991300983729576979e-01,1.000000000000000000e+00,1.000000000000000000e+00
3.017798602323474455e+01,3.053308489242196089e+01,3.035501621033581188e+01,5.600000000000000000e+01,6.833870155836387994e+01,-1.492574777755963034e+00,1.000000000000000000e+00,1.000000000000000000e+00
3.053308489242196089e+01,3.089236214537544356e+01,3.071219816151541693e+01,7.700000000000000000e+01,6.844203952446143546e+01,1.034448335232632799e+00,1.000000000000000000e+00,1.000000000000000000e+00
3.089236214537544356e+01,3.125586694837652502e+01,3.107358300770798465e+01,6.600000000000000000e+01,6.853499140538390577e+01,-3.062106630726396106e-01,1.000000000000000000e+00,1.000000000000000000e+00
3.125586694837652502e+01,3.162364904623717621e+01,3.143922020361420167e+01,8.800000000000000000e+01,6.861724224506004077e+01,2.339908840221518904e+00,1.000000000000000000e+00,1.000000000000000000e+00
3.162364904623717621e+01,3.199575876910756023e+01,3.180915978585921522e+01,6.800000000000000000e+01,6.868846856556493208e+01,-8.306961524682972275e-02,1.000000000000000000e+00,1.000000000000000000e+00
3.199575876910756023e+01,3.237224703936355041e+01,3.218345237984005536e+01,8.000000000000000000e+01,6.874833894738995355e+01,1.357017774475239635e+00,1.000000000000000000e+00,1.000000000000000000e+00
3.237224703936355041e+01,3.275316537857534627e+01,3.256214920665358648e+01,7.800000000000000000e+01,6.879651467627361683e+01,1.109606790095813977e+00,1.000000000000000000e+00,1.000000000000000000e+00
3.275316537857534627e+01,3.313856591455807887e+01,3.294530209010596877e+01,6.300000000000000000e+01,6.883265045780795788e+01,-7.030216574560023135e-01,1.000000000000000000e+00,1.000000000000000000e+00
3.313856591455807887e+01,3.352850138850539707e+01,3.333296346380468833e+01,7.600000000000000000e+01,6.885639520081379317e+01,8.608852741481882731e-01,1.000000000000000000e+00,1.000000000000000000e+00
3.352850138850539707e+01,3.392302516220698294e+01,3.372518637833393029e+01,8.500000000000000000e+01,6.886739287023077338e+01,1.944006607417363863e+00,1.000000000000000000e+00,1.000000000000000000e+00
3.392302516220698294e+01,3.432219122535098421e+01,3.412202450851445690e+01,7.700000000000000000e+01,6.886528340999360864e+01,9.802622028355332251e-01,1.000000000000000000e+00,1.000000000000000000e+00
3.432219122535098421e+01,3.472605420291237266e+01,3.452353216074887143e+01,8.600000000000000000e+01,6.884970373605611371e+01,2.066905347133646487e+00,1.000000000000000000e+00,1.000000000000000000e+00
3.472605420291237266e+01,3.513466936262827289e+01,3.492976428045334103e+01,8.500000000000000000e+01,6.882028879939387878e+01,1.950349844478323158e+00,1.000000000000000000e+00,1.000000000000000000e+00
3.513466936262827289e+01,3.554809262256120661e+01,3.534077645957673752e+01,7.300000000000000000e+01,6.877667271844539698e+01,5.092536577215409643e-01,1.000000000000000000e+00,1.000000000000000000e+00
3.554809262256120661e+01,3.596638055875135365e+01,3.575662494420827642e+01,7.300000000000000000e+01,6.871848998005792453e+01,5.164879110621642955e-01,1.000000000000000000e+00,1.000000000000000000e+00
3.596638055875135365e+01,3.638959041295887431e+01,3.617736664227467713e+01,7.000000000000000000e+01,6.864537670757884769e+01,1.634981686959708913e-01,1.000000000000000000e+00,1.000000000000000000e+00
3.638959041295887431e+01,3.681778010049729488e+01,3.660305913132786770e+01,6.200000000000000000e+01,6.855697199427507371e+01,-7.919130776643890091e-01,1.000000000000000000e+00,1.000000000000000000e+00
3.681778010049729488e+01,3.725100821815910024e+01,3.703376066642434949e+01,5.900000000000000000e+01,6.845291929978566259e+01,-1.142536184565102308e+00,1.000000000000000000e+00,1.000000000000000000e+00
3.725100821815910024e+01,3.768933405223456390e+01,3.746953018809728064e+01,8.200000000000000000e+01,6.833286790679912315e+01,1.653341503009383207e+00,1.000000000000000000e+00,1.000000000000000000e+00
3.768933405223456390e+01,3.813281758662494525e+01,3.791042733042233692e+01,7.800000000000000000e+01,6.819647443461842329e+01,1.187138320171546635e+00,1.000000000000000000e+00,1.000000000000000000e+00
3.813281758662494525e+01,3.858151951105116950e+01,3.835651242917850823e+01,6.000000000000000000e+01,6.804340440572148907e+01,-9.750949055448573377e-01,1.000000000000000000e+00,1.000000000000000000e+00
3.858151951105116950e+01,3.903550122935903488e+01,3.880784653010493201e+01,7.900000000000000000e+01,6.787333386085285269e+01,1.350564923489492530e+00,1.000000000000000000e+00,1.000000000000000000e+00
3.903550122935903488e+01,3.949482486792223312e+01,3.926449139725482240e+01,6.100000000000000000e+01,6.768595101759706267e+01,-8.126694292306492207e-01,1.000000000000000000e+00,1.000000000000000000e+00
3.949482486792223312e+01,3.995955328414419938e+01,3.972650952144778813e+01,9.000000000000000000e+01,6.748095796678683200e+01,2.741317205816396818e+00,1.000000000000000000e+00,1.000000000000000000e+00
3.995955328414419938e+01,4.042975007505997098e+01,4.019396412882152703e+01,6.000000000000000000e+01,6.725807240049735469e+01,-8.850118542091943707e-01,1.000000000000000000e+00,1.000000000000000000e+00
4.042975007505997098e+01,4.090547958603934120e+01,4.066691918948419726e+01,6.100000000000000000e+01,6.701702936477465755e+01,-7.350037322937399420e-01,1.000000000000000000e+00,1.000000000000000000e+00
4.090547958603934120e+01,4.138680691959233826e+01,4.114543942626857387e+01,5.400000000000000000e+01,6.675758302964996460e+01,-1.561414115740526354e+00,1.000000000000000000e+00,1.000000000000000000e+00
4.138680691959233826e+01,4.187379794427841517e+01,4.162959032358921974e+01,7.400000000000000000e+01,6.647950846840396366e+01,9.223639631588628207e-01,1.000000000000000000e+00,1.000000000000000000e+00
4.187379794427841517e+01,4.236651930372032382e+01,4.211943813640390744e+01,6.000000000000000000e+01,6.618260343748006846e+01,-7.599752824934190576e-01,1.000000000000000000e+00,1.000000000000000000e+00
4.236651930372032382e+01,4.286503842572424361e+01,4.261504989928041454e+01,7.200000000000000000e+01,6.586669014790042809e+01,7.557218611014405729e-01,1.000000000000000000e+00,1.000000000000000000e+00
4.286503842572424361e+01,4.336942353150705287e+01,4.311649343557009217e+01,7.600000000000000000e+01,6.553161701853079535e+01,1.293165651356787960e+00,1.000000000000000000e+00,1.000000000000000000e+00
4.336942353150705287e+01,4.387974364503227065e+01,4.362383736668932244e+01,5.500000000000000000e+01,6.517726040107172025e+01,-1.260616060621278622e+00,1.000000000000000000e+00,1.000000000000000000e+00
4.387974364503227065e+01,4.439606860245584841e+01,4.413715112151019326e+01,7.200000000000000000e+01,6.480352626622961054e+01,8.939648136371042275e-01,1.000000000000000000e+00,1.000000000000000000e+00
4.439606860245584841e+01,4.491846906168306219e+01,4.465650494586171249e+01,7.300000000000000000e+01,6.441035184016256210e+01,1.070280318807931952e+00,1.000000000000000000e+00,1.000000000000000000e+00
4.491846906168306219e+01,4.544701651203790504e+01,4.518196991214276181e+01,7.400000000000000000e+01,6.399770717999033565e+01,1.250308999057201609e+00,1.000000000000000000e+00,1.000000000000000000e+00
4.544701651203790504e+01,4.598178328404622306e+01,4.571361792904820476e+01,6.300000000000000000e+01,6.356559667693628768e+01,-7.094075156446585928e-02,1.000000000000000000e+00,1.000000000000000000e+00
4.598178328404622306e+01,4.652284255933401624e+01,4.625152175140942745e+01,5.400000000000000000e+01,6.311406047552021192e+01,-1.147225641146972563e+00,1.000000000000000000e+00,1.000000000000000000e+00
4.652284255933401624e+01,4.707026838064214758e+01,4.679575499015068374e+01,5.900000000000000000e+01,6.264317579716370687e+01,-4.603024057093256238e-01,1.000000000000000000e+00,1.000000000000000000e+00
4.707026838064214758e+01,4.762413566195893111e+01,4.734639212236258032e+01,6.000000000000000000e+01,6.215305815660698130e+01,-2.731017666925156795e-01,1.000000000000000000e+00,1.000000000000000000e+00
4.762413566195893111e+01,4.818452019877194914e+01,4.790350850149408046e+01,5.300000000000000000e+01,6.164386245967575917e+01,-1.100938163071384812e+00,1.000000000000000000e+00,1.000000000000000000e+00
4.818452019877194914e+01,4.875149867844051244e+01,4.846718036766447568e+01,5.600000000000000000e+01,6.111578397118132955e+01,-6.543882660102872117e-01,1.000000000000000000e+00,1.000000000000000000e+00
4.875149867844051244e+01,4.932514869069009222e+01,4.903748485809666846e+01,5.800000000000000000e+01,6.056905914209777109e+01,-3.301024050169073520e-01,1.000000000000000000e+00,1.000000000000000000e+00
4.932514869069009222e+01,4.990554873823037951e+01,4.961450001767320828e+01,6.100000000000000000e+01,6.000396628563326828e+01,1.285831496911883642e-01,1.000000000000000000e+00,1.000000000000000000e+00
4.990554873823037951e+01,5.049277824749812993e+01,5.019830480961659447e+01,5.900000000000000000e+01,5.942082609240786439e+01,-5.459254199405529084e-02,1.000000000000000000e+00,1.000000000000000000e+00
5.049277824749812993e+01,5.108691757952654200e+01,5.078897912629518174e+01,5.900000000000000000e+01,5.882000197566249255e+01,2.346957476752124794e-02,1.000000000000000000e+00,1.000000000000000000e+00
5.108691757952654200e+01,5.168804804094249761e+01,5.138660380015630125e+01,4.100000000000000000e+01,5.820190023826023662e+01,-2.254799046867454138e+00,1.000000000000000000e+00,1.000000000000000000e+00
5.168804804094249761e+01,5.229625189509306438e+01,5.199126061478794725e+01,4.900000000000000000e+01,5.756697005419223956e+01,-1.129121203517583272e+00,1.000000000000000000e+00,1.000000000000000000e+00
5.229625189509306438e+01,5.291161237330322820e+01,5.260303231611072050e+01,3.400000000000000000e+01,5.691570325837167843e+01,-3.037505944991683915e+00,1.000000000000000000e+00,1.000000000000000000e+00
5.291161237330322820e+01,5.353421368626581511e+01,5.322200262370142809e+01,4.700000000000000000e+01,5.624863393967860503e+01,-1.233166166086898663e+00,1.000000000000000000e+00,1.000000000000000000e+00
5.353421368626581511e+01,5.416414103556552107e+01,5.384825624224988161e+01,5.400000000000000000e+01,5.556633783350410738e+01,-2.101258825549337794e-01,1.000000000000000000e+00,1.000000000000000000e+00
5.416414103556552107e+01,5.480148062533860553e+01,5.448187887315057765e+01,5.300000000000000000e+01,5.486943151142340014e+01,-2.523738358533958448e-01,1.000000000000000000e+00,1.000000000000000000e+00
5.480148062533860553e+01,5.544631967406969864e+01,5.512295722623071725e+01,4.100000000000000000e+01,5.415857136709772135e+01,-1.788031396478539037e+00,1.000000000000000000e+00,1.000000000000000000e+00
5.544631967406969864e+01,5.609874642652747667e+01,5.577157903161625541e+01,6.400000000000000000e+01,5.343445239904782085e+01,1.445377631880322644e+00,1.000000000000000000e+00,1.000000000000000000e+00
5.609874642652747667e+01,5.675885016584073384e+01,5.642783305173756503e+01,4.500000000000000000e+01,5.269780679254939315e+01,-1.060402483244726302e+00,1.000000000000000000e+00,1.000000000000000000e+00
5.675885016584073384e+01,5.742672122571659798e+01,5.709180909347639954e+01,4.500000000000000000e+01,5.194940230455528507e+01,-9.641779079318919532e-01,1.000000000000000000e+00,1.000000000000000000e+00
5.742672122571659798e+01,5.810245100280248920e+01,5.776359802045572422e+01,5.100000000000000000e+01,5.119004045723695384e+01,-2.656154483586214282e-02,1.000000000000000000e+00,1.000000000000000000e+00
5.810245100280248920e+01,5.878613196919354067e+01,5.844329176547423543e+01,3.500000000000000000e+01,5.042055454743893250e+01,-2.171681756151177645e+00,1.000000000000000000e+00,1.000000000000000000e+00
5.878613196919354067e+01,5.947785768508721560e+01,5.913098334308714499e+01,4.000000000000000000e+01,4.964180748104012508e+01,-1.368468051169294819e+00,1.000000000000000000e+00,1.000000000000000000e+00
5.947785768508721560e+01,6.017772281158676151e+01,5.982676686233498486e+01,3.600000000000000000e+01,4.885468944289495141e+01,-1.839113195778635967e+00,1.000000000000000000e+00,1.000000000000000000e+00
6.017772281158676151e+01,6.088582312365542748e+01,6.053073753962226533e+01,4.000000000000000000e+01,4.806011541466381232e+01,-1.162649625105703910e+00,1.000000000000000000e+00,1.000000000000000000e+00
6.088582312365542748e+01,6.160225552322300757e+01,6.124299171174757106e+01,4.700000000000000000e+01,4.725902255442132827e+01,-3.767863963661902821e-02,1.000000000000000000e+00,1.000000000000000000e+00
6.160225552322300757e+01,6.232711805244667858e+01,6.196362684908708474e+01,4.100000000000000000e+01,4.645236745343260765e+01,-7.999837961011388998e-01,1.000000000000000000e+00,1.000000000000000000e+00
6.232711805244667858e+01,6.306050990712783033e+01,6.269274156893315819e+01,4.000000000000000000e+01,4.564112328688803899e+01,-8.350018335447033646e-01,1.000000000000000000e+00,1.000000000000000000e+00
6.306050990712783033e+01,6.380253145028680706e+01,6.343043564898987796e+01,3.600000000000000000e+01,4.482627687667681471e+01,-1.318290772849840309e+00,1.000000000000000000e+00,1.000000000000000000e+00
6.380253145028680706e+01,6.455328422589731474e+01,6.417681004102740872e+01,3.100000000000000000e+01,4.400882568543665485e+01,-1.960957603633401325e+00,1.000000000000000000e+00,1.000000000000000000e+00
6.455328422589731474e+01,6.531287097278256226e+01,6.493196688469703304e+01,3.400000000000000000e+01,4.318977476212486266e+01,-1.398345205013006964e+00,1.000000000000000000e+00,1.000000000000000000e+00
6.531287097278256226e+01,6.608139563867474919e+01,6.569600952150868522e+01,4.800000000000000000e+01,4.237013366021091798e+01,8.649045210279461271e-01,1.000000000000000000e+00,1.000000000000000000e+00
6.608139563867474919e+01,6.685896339444016689e+01,6.646904250897310362e+01,3.400000000000000000e+01,4.155091335026537536e+01,-1.171410733948065497e+00,1.000000000000000000e+00,1.000000000000000000e+00
6.685896339444016689e+01,6.764568064847149742e+01,6.725117163491016470e+01,4.200000000000000000e+01,4.073312314922384303e+01,1.985000156715859276e-01,1.000000000000000000e+00,1.000000000000000000e+00
6.764568064847149742e+01,6.844165506124966214e+01,6.804250393192579338e+01,3.700000000000000000e+01,3.991776768891818250e+01,-4.618145241811141832e-01,1.000000000000000000e+00,1.000000000000000000e+00
6.844165506124966214e+01,6.924699556007684009e+01,6.884314769205913365e+01,3.400000000000000000e+01,3.910584394659117180e+01,-8.164821706810442281e-01,1.000000000000000000e+00,1.000000000000000000e+00
6.924699556007684009e+01,7.006181235398295826e+01,6.965321248160198309e+01,3.200000000000000000e+01,3.829833836005268211e+01,-1.017738074726682873e+00,1.000000000000000000e+00,1.000000000000000000e+00
7.006181235398295826e+01,7.088621694880752955e+01,7.047280915609282204e+01,2.800000000000000000e+01,3.749622404988151914e+01,-1.550804972485502420e+00,1.000000000000000000e+00,1.000000000000000000e+00
7.088621694880752955e+01,7.172032216245899860e+01,7.130204987548701467e+01,4.400000000000000000e+01,3.670045817065511073e+01,1.204924565192307728e+00,1.000000000000000000e+00,1.000000000000000000e+00
7.172032216245899860e+01,7.256424214035361331e+01,7.214104811950575424e+01,3.900000000000000000e+01,3.591197941259162718e+01,5.153004424327933819e-01,1.000000000000000000e+00,1.000000000000000000e+00
7.256424214035361331e+01,7.341809237103593944e+01,7.298991870316544350e+01,4.200000000000000000e+01,3.513170567423757973e+01,1.158775434515768810e+00,1.000000000000000000e+00,1.000000000000000000e+00
7.341809237103593944e+01,7.428198970198324957e+01,7.384877779248988361e+01,3.600000000000000000e+01,3.436053192595039008e+01,2.796874792096015749e-01,1.000000000000000000e+00,1.000000000000000000e+00
7.428198970198324957e+01,7.515605235559579000e+01,7.471774292040733201e+01,5.100000000000000000e+01,3.359932828291312745e+01,3.001931072168571912e+00,1.000000000000000000e+00,1.000000000000000000e+00
7.515605235559579000e+01,7.604039994537529878e+01,7.559693300283464623e+01,4.100000000000000000e+01,3.284893830532394787e+01,1.422176544017700550e+00,1.000000000000000000e+00,1.000000000000000000e+00
7.604039994537529878e+01,7.693515349229380718e+01,7.648646835495058838e+01,4.300000000000000000e+01,3.211017754223632181e+01,1.921761310861865191e+00,1.000000000000000000e+00,1.000000000000000000e+00
7.693515349229380718e+01,7.784043544135511183e+01,7.738647070766079139e+01,5.300000000000000000e+01,3.138383233431954977e+01,3.858564042282211837e+00,1.000000000000000000e+00,0.000000000000000000e+00
7.784043544135511183e+01,7.875636967835106361e+01,7.829706322425626297e+01,5.400000000000000000e+01,3.067065888960847175e+01,4.212509761426425747e+00,1.000000000000000000e+00,0.000000000000000000e+00
7.875636967835106361e+01,7.968308154681507460e+01,7.921837051726804191e+01,6.500000000000000000e+01,2.997138264513269235e+01,6.398373764823187315e+00,1.000000000000000000e+00,0.000000000000000000e+00
7.968308154681507460e+01,8.062069786517514558e+01,8.015051866552013848e+01,6.300000000000000000e+01,2.928669792621510837e+01,6.229685008858994344e+00,0.000000000000000000e+00,0.000000000000000000e+00
8.062069786517514558e+01,8.156934694410860232e+01,8.109363523138316054e+01,8.800000000000000000e+01,2.861726791424135996e+01,1.110059071036064537e+01,0.000000000000000000e+00,0.000000000000000000e+00
8.156934694410860232e+01,8.252915860410114135e+01,8.204784927823088481e+01,1.000000000000000000e+02,2.796372493286441951e+01,1.362240340290688678e+01,0.000000000000000000e+00,0.000000000000000000e+00
8.252915860410114135e+01,8.350026419321254423e+01,8.301329138810233133e+01,9.500000000000000000e+01,2.732667106198573848e+01,1.294565938214519463e+01,0.000000000000000000e+00,0.000000000000000000e+00
8.350026419321254423e+01,8.448279660505129129e+01,8.399009367957165750e+01,1.170000000000000000e+02,2.670667908847709882e+01,1.747212315982252306e+01,0.000000000000000000e+00,0.000000000000000000e+00
8.448279660505129129e+01,8.547689029696068985e+01,8.497838982582814538e+01,1.620000000000000000e+02,2.610429380254512211e+01,2.659804769570858340e+01,0.000000000000000000e+00,0.000000000000000000e+00
8.547689029696068985e+01,8.648268130841921675e+01,8.597831507296919540e+01,2.240000000000000000e+02,2.552003364894326509e+01,3.928945967883453960e+01,0.000000000000000000e+00,0.000000000000000000e+00
8.648268130841921675e+01,8.750030727965712174e+01,8.699000625850845836e+01,2.650000000000000000e+02,2.495439274297224941e+01,4.805297274548646413e+01,0.000000000000000000e+00,0.000000000000000000e+00
8.750030727965712174e+01,8.852990747049219067e+01,8.801360183010169180e+01,4.510000000000000000e+02,2.440784326244564895e+01,8.634718096392302300e+01,0.000000000000000000e+00,0.000000000000000000e+00
8.852990747049219067e+01,8.957162277938711270e+01,8.904924186449299839e+01,7.000000000000000000e+02,2.388083822861328187e+01,1.383561476193103772e+02,0.000000000000000000e+00,0.000000000000000000e+00
8.957162277938711270e+01,9.062559576273119433e+01,9.009706808668404676e+01,1.005000000000000000e+03,2.337381469151929636e+01,2.030398746171613027e+02,0.000000000000000000e+00,0.000000000000000000e+00
9.062559576273119433e+01,9.169197065434876492e+01,9.115722388932883291e+01,1.128000000000000000e+03,2.288719733851956306e+01,2.309991081241678046e+02,0.000000000000000000e+00,0.000000000000000000e+00
9.169197065434876492e+01,9.277089338523738604e+01,9.222985435235655416e+01,8.900000000000000000e+02,2.242140254881629247e+01,1.832219250238262589e+02,0.000000000000000000e+00,0.000000000000000000e+00
9.277089338523738604e+01,9.386251160353803868e+01,9.331510626282559429e+01,5.260000000000000000e+02,2.197684292201561362e+01,1.075146977341368313e+02,0.000000000000000000e+00,0.000000000000000000e+00
9.386251160353803868e+01,9.496697469474057129e+01,9.441312813501090773e+01,3.080000000000000000e+02,2.155393231503595075e+01,6.169921056193319941e+01,0.000000000000000000e+00,0.000000000000000000e+00
9.496697469474057129e+01,9.608443380212665375e+01,9.552407023072790082e+01,2.100000000000000000e+02,2.115309142938348685e+01,4.106037926599783106e+01,0.000000000000000000e+00,0.000000000000000000e+00
9.608443380212665375e+01,9.721504184745346322e+01,9.664808457989539647e+01,1.410000000000000000e+02,2.077475400008450990e+01,2.637714151981734645e+01,0.000000000000000000e+00,0.000000000000000000e+00
9.721504184745346322e+01,9.835895355188067413e+01,9.778532500134062388e+01,9.400000000000000000e+01,2.041937364870332416e+01,1.628329430091394769e+01,0.000000000000000000e+00,0.000000000000000000e+00
9.835895355188067413e+01,9.951632545714365108e+01,9.893594712384893342e+01,7.300000000000000000e+01,2.008743147620409530e+01,1.180583311358710219e+01,0.000000000000000000e+00,0.000000000000000000e+00
9.951632545714365108e+01,1.006873159469758718e+02,1.001001084074612777e+02,4.500000000000000000e+01,1.977944448733927274e+01,5.670842730127191089e+00,1.000000000000000000e+00,0.000000000000000000e+00
1.006873159469758718e+02,1.018720852687835219e+02,1.012779681650223154e+02,3.900000000000000000e+01,1.949597495726277785e+01,4.417247836851977638e+00,1.000000000000000000e+00,0.000000000000000000e+00
1.018720852687835219e+02,1.030707955555745485e+02,1.024696875839818517e+02,2.800000000000000000e+01,1.923764087377097454e+01,1.997768413468177684e+00,1.000000000000000000e+00,1.000000000000000000e+00
1.030707955555745485e+02,1.042836108481468784e+02,1.036754297484531406e+02,2.500000000000000000e+01,1.900512761572424481e+01,1.375132503410036788e+00,1.000000000000000000e+00,1.000000000000000000e+00
1.042836108481468784e+02,1.055106971175362389e+02,1.048953596615305059e+02,2.900000000000000000e+01,1.879920106070766295e+01,2.352688833451546557e+00,1.000000000000000000e+00,1.000000000000000000e+00
1.055106971175362389e+02,1.067522222877297509e+02,1.061296442678696366e+02,1.500000000000000000e+01,1.862072235400072628e+01,-8.390676185241128238e-01,1.000000000000000000e+00,1.000000000000000000e+00
1.067522222877297509e+02,1.080083562586450938e+02,1.073784524765336101e+02,1.900000000000000000e+01,1.847066461785562552e+01,1.231656669710593927e-01,1.000000000000000000e+00,1.000000000000000000e+00
1.080083562586450938e+02,1.092792709293818234e+02,1.086419551841077151e+02,1.900000000000000000e+01,1.835013193669879783e+01,1.517069926441184380e-01,1.000000000000000000e+00,1.000000000000000000e+00
1.092792709293818234e+02,1.105651402217444286e+02,1.099203252980862544e+02,1.900000000000000000e+01,1.826038102237849614e+01,1.730824875936414764e-01,1.000000000000000000e+00,1.000000000000000000e+00
1.105651402217444286e+02,1.118661401040440921e+02,1.112137377605345279e+02,1.700000000000000000e+01,1.820284604674291273e+01,-2.819294195462372365e-01,1.000000000000000000e+00,1.000000000000000000e+00
1.118661401040440921e+02,1.131824486151786289e+02,1.125223695720292909e+02,1.500000000000000000e+01,1.817916723012312374e+01,-7.456351636227234181e-01,1.000000000000000000e+00,1.000000000000000000e+00
1.131824486151786289e+02,1.145142458889976353e+02,1.138463998158809005e+02,1.800000000000000000e+01,1.819122389808904927e+01,-4.483438402586765320e-02,1.000000000000000000e+00,1.000000000000000000e+00
1.145142458889976353e+02,1.158617141789524538e+02,1.151860096826403890e+02,5.000000000000000000e+00,1.824117287067769411e+01,-3.100273984350961243e+00,1.000000000000000000e+00,1.000000000000000000e+00
1.158617141789524538e+02,1.172250378830380697e+02,1.165413824948950463e+02,9.000000000000000000e+00,1.833149323518484053e+01,-2.179476667993021533e+00,1.000000000000000000e+00,1.000000000000000000e+00
1.172250378830380697e+02,1.186044035690266867e+02,1.179127037323556948e+02,4.000000000000000000e+00,1.846503878450276304e+01,-3.366235458431559913e+00,1.000000000000000000e+00,1.000000000000000000e+00
1.186044035690266867e+02,1.200000000000000000e+02,1.193001610572391513e+02,1.300000000000000000e+01,1.864509968930034844e+01,-1.307342142085253123e+00,1.000000000000000000e+00,1.000000000000000000e+00
