label,model,amplitude,q,naive_p,naive_se,deviance,residual_rms,lag1,edf,fit_bins,converged
H1,cheb_d5,0.7853790576636117,82.63985463058826,4.922591892392616e-20,0.08639419139877527,505.68842374802375,1.3049808171967738,0.4374901969505182,adaptive/unreported,283,
H1,cheb_d6,0.7951788126965991,84.7150382606872,1.723096502647528e-20,0.08639419139877527,462.16458371430633,1.2505521370741406,0.39030819327269267,adaptive/unreported,285,
H1,cheb_d7,0.7512268380634078,75.60893164173457,1.7289691294102964e-18,0.08639419139877527,465.83609870930997,1.2862565596269093,0.4087158864250316,adaptive/unreported,282,
H1,cheb_d8,0.4792883028557337,30.77687861397269,1.4473319631999071e-08,0.08639419139877527,364.3360102183701,1.1099593748868561,0.23108062261186757,adaptive/unreported,286,
H1,cheb_d9,0.3671286176466297,18.057906067942287,1.071434719785558e-05,0.08639419139877527,317.33200873190924,1.0356521360172806,0.10645541681635493,adaptive/unreported,287,
H1,cheb_d10,0.3598007289689379,17.34422861470874,1.559219255912341e-05,0.08639419139877527,315.939873104507,1.0345605698825693,0.0993751712566725,adaptive/unreported,287,
H1,cheb_d11,0.24420885443839713,7.990127772666896,0.002351654787639356,0.08639419139877527,308.1709028782088,1.0175587239809438,0.08101991172751928,adaptive/unreported,287,
H1,cheb_d12,0.017076341309963477,0.039067944736409926,0.4216570588021812,0.08639419139877527,275.95770517773855,0.9604457031967422,0.0017452786169704615,adaptive/unreported,287,
H1,bernstein_d5,0.785379057663612,82.63985463058832,4.9225918923925796e-20,0.08639419139877527,505.6884237480258,1.3049808171967747,0.43749019695051816,adaptive/unreported,283,
H1,bernstein_d7,0.7512268380634137,75.60893164173575,1.7289691294092643e-18,0.08639419139877527,465.83609870931093,1.286256559626909,0.4087158864250319,adaptive/unreported,282,
H1,bernstein_d9,0.3671286176466196,18.057906067941293,1.0714347197861159e-05,0.08639419139877527,317.3320087319099,1.0356521360172812,0.1064554168163572,adaptive/unreported,287,
H1,bernstein_d12,0.01707634130995689,0.03906794473637978,0.42165705880221105,0.08639419139877527,275.95770517774884,0.9604457031967544,0.0017452786169657758,adaptive/unreported,287,
H1,spline_s0.5,0.007821270657950255,0.008195690353100053,0.4639330068928189,0.08639419139877527,157.15200315603136,0.726878963365911,-0.4693720986121526,adaptive/unreported,287,
H1,spline_s1,0.35574221831234315,16.955153631258693,1.9136639905082218e-05,0.08639419139877527,318.0569271389759,1.0289656805989342,0.1145824017137602,adaptive/unreported,287,
H1,spline_s2,0.8074936713239935,87.35930415048529,4.524671828093032e-21,0.08639419139877527,588.2991570436243,1.4277290643812848,0.5257874723232706,adaptive/unreported,283,
H1,cheb_d2,0.8997669142802383,108.4653321490519,1.062677113417442e-25,0.08639419139877527,2338.1637630243376,2.5824275924552285,0.86151900377459,adaptive/unreported,221,
H1,cheb_d3,0.8074936713239973,87.35930415048611,4.5246718280910825e-21,0.08639419139877527,588.2991570436182,1.4277290643812817,0.5257874723232703,adaptive/unreported,283,
H1,cheb_d14,0.04332336570489435,0.25146369280418485,0.30802316345739766,0.08639419139877527,269.4142460913265,0.949785591342046,-0.020388114672153484,adaptive/unreported,287,
H1,cheb_d16,0.00831779768992061,0.009269314497649029,0.46165017789388035,0.08639419139877527,263.75340413569546,0.9393213948186345,-0.030383528369922082,adaptive/unreported,287,
H1,cheb_d20,0.018076072550699474,0.04377630111956788,0.41713517881264467,0.08639419139877527,254.3137261149028,0.9204201390219191,-0.07166591950570916,adaptive/unreported,287,
H1,spline_s0.25,0.008834619985672273,0.010456989172532275,0.45927538189914585,0.08639419139877527,80.43321343011145,0.5199702610535221,-0.5535092676667731,adaptive/unreported,287,
H1,spline_s1.5,0.7867241530159721,82.92316667516785,4.265276538349295e-20,0.08639419139877527,531.3704214177574,1.3563654348186411,0.4744238758270751,adaptive/unreported,284,
H1,spline_s3.0,0.8074936713239935,87.35930415048529,4.524671828093032e-21,0.08639419139877527,588.2991570436243,1.4277290643812848,0.5257874723232706,adaptive/unreported,283,
H1,spline_s4.0,0.8074936713239935,87.35930415048529,4.524671828093032e-21,0.08639419139877527,588.2991570436243,1.4277290643812848,0.5257874723232706,adaptive/unreported,283,
H1,pois_poly2,1.2186055273457752,198.9560723708695,1.7644655625202648e-45,0.08639419139877527,1977.584729117292,2.631578370281597,,3.000000000000001,,True
H1,pois_poly3,0.8547117995202366,97.87466996693557,2.2285948703591104e-23,0.08639419139877527,575.1786047555308,1.4309456502886966,,4.0,,True
H1,pois_poly5,0.8037997232763411,86.56186726259251,6.7716766724167365e-21,0.08639419139877527,489.73648209471423,1.3124069795928675,,6.0,,True
H1,pois_poly7,0.7967201603023674,85.0437740637369,1.4591611643487638e-20,0.08639419139877527,441.31045442128215,1.2434901902461226,,7.999999999999999,,True
H1,pois_poly9,0.3408504173779811,15.565338573969136,3.9851193643579214e-05,0.08639419139877527,306.24773921699034,1.0379518770361085,,10.0,,True
H1,pois_poly12,0.004670275340198734,0.0029222400098327123,0.4784445780053997,0.08639419139877527,266.8370869261882,0.95982263225198,,12.999999999999995,,True
H1,pois_poly16,-0.008750596249015915,0.0,1.0,0.08639419139877527,255.00539788191296,0.9382558072708828,,17.000000000000007,,True
H1,pois_poly20,-0.0013995241088813094,0.0,1.0,0.08639419139877527,245.25282679554033,0.9196013044263979,,21.00000000000001,,True
H1,pspline_8_0.1,0.14518325822971995,2.823995425745435,0.04643249035399038,0.08639419139877527,283.1946094701591,0.9963122681488777,,11.884765015391825,,True
H1,pspline_8_1,0.24464059012180173,8.01840416394461,0.002315217695011973,0.08639419139877527,289.57311020373913,1.0028285651078113,,11.150240578482062,,True
H1,pspline_8_10,0.515455071958684,35.596930135134706,1.213348330490478e-09,0.08639419139877527,344.50849099091664,1.0916121041109323,,9.070690844476351,,True
H1,pspline_8_100,0.7611052194802662,77.61046973734892,6.275154973487286e-19,0.08639419139877527,455.16250124658717,1.2578904907026227,,6.533470461126829,,True
H1,pspline_16_0.1,0.004576258163851593,0.002805769208659539,0.47887809972186035,0.08639419139877527,244.70337127936395,0.9190350952360397,,19.614404438077223,,True
H1,pspline_16_1,0.022770453479125475,0.06946631656024264,0.39605770636138676,0.08639419139877527,254.72685947648182,0.939022557664421,,17.77617582517665,,True
H1,pspline_16_10,0.1390194907314341,2.589299562745515,0.053793952330499176,0.08639419139877527,279.77701777071394,0.9831248005204776,,13.853586072434474,,True
H1,pspline_16_100,0.4641164691397388,28.85923872729377,3.89168770837846e-08,0.08639419139877527,342.28610359219846,1.086726550694643,,9.590030447179938,,True
H1,pspline_24_0.1,-0.00013940992925911237,0.0,1.0,0.08639419139877527,239.86058902965976,0.9110877478793047,,27.187207588429754,,True
H1,pspline_24_1,0.004546067857990678,0.0027688711077840586,0.4790173152822953,0.08639419139877527,242.97531016833614,0.9168279454850901,,23.937372378472958,,True
H1,pspline_24_10,0.049474692878069326,0.3279420637734308,0.28343669776883285,0.08639419139877527,258.2089306389499,0.9455847387605087,,18.155869463820558,,True
H1,pspline_24_100,0.26698099263087,9.549741114512708,0.0009998881007345388,0.08639419139877527,300.51578479692677,1.017738017024711,,12.321452456069643,,True
H1,pspline_40_0.1,6.309595115282647e-05,5.333765214980105e-07,0.4997086419816911,0.08639419139877527,225.5511891526,0.8826181248546173,,40.68353171377149,,True
H1,pspline_40_1,0.0015389865192350328,0.00031732226299659307,0.4928938009349055,0.08639419139877527,228.64389684255963,0.88888968751228,,35.095767066160214,,True
H1,pspline_40_10,0.012231680476873355,0.020044866438865182,0.44370592452375335,0.08639419139877527,239.33570445467842,0.910393166464493,,25.921272242470614,,True
H1,pspline_40_100,0.09684643062281695,1.256603165672426,0.13114752283676306,0.08639419139877527,264.98436536263745,0.9565929846566678,,17.240509758691957,,True
H1,cms_dijet_form,0.8060965114589965,87.05726012060694,5.271216620874434e-21,0.08639419139877527,493.39633599713716,1.317911706774954,,4.999999999999998,,True
H1,local_0.15,0.10051702281940038,1.3536617124076,0.12231949500315525,0.08639419139877527,272.286656159039,0.9561407073569518,,17.362299600352976,,True
H1,local_0.3,0.5040965097594593,34.04538835497888,2.6920682091610208e-09,0.08639419139877527,359.7727996123503,1.0987927057894455,,9.4596673001958,,True
H1,local_0.5,0.7300957622681656,71.41518520814735,1.447180080951302e-17,0.08639419139877527,471.9386988461896,1.2457088305640396,,6.310623127856275,,True
H2,cheb_d5,1.023085394848811,140.23443895410418,1.1828172862357716e-32,0.08639419139877527,760.0940155972975,1.6805897157539138,0.5769201110896797,adaptive/unreported,276,
H2,cheb_d6,1.018602278073738,139.00812895456616,2.193251054587179e-32,0.08639419139877527,717.7023475299229,1.64584733924723,0.5621726782106568,adaptive/unreported,280,
H2,cheb_d7,0.9393397880435951,118.216023923035,7.7748023202864815e-28,0.08639419139877527,800.9089211805647,1.818203709755131,0.6089159735658128,adaptive/unreported,278,
H2,cheb_d8,0.6417724737057849,55.181446814665726,5.495061283313994e-14,0.08639419139877527,534.6471809593432,1.3880105570147088,0.40256929762345933,adaptive/unreported,283,
H2,cheb_d9,0.36110885398702547,17.47057445897671,1.458945780409744e-05,0.08639419139877527,385.26563904690516,1.1618872686708215,0.1932564532412381,adaptive/unreported,285,
H2,cheb_d10,0.3456196692036297,16.003973070049376,3.160484731895024e-05,0.08639419139877527,384.7599606302744,1.1652540412466874,0.19270241452265116,adaptive/unreported,285,
H2,cheb_d11,0.19717710769573918,5.208874516114237,0.011235938605750593,0.08639419139877527,356.66701284266554,1.1074853613903097,0.11462289501069127,adaptive/unreported,287,
H2,cheb_d12,-0.043097086341154084,0.0,1.0,0.08639419139877527,322.2643978337581,1.0530075574201874,0.047809354569075944,adaptive/unreported,287,
H2,bernstein_d5,1.0230853948488035,140.2344389541021,1.182817286237007e-32,0.08639419139877527,760.0940155972943,1.6805897157539107,0.5769201110896788,adaptive/unreported,276,
H2,bernstein_d7,0.9393397880436035,118.21602392303713,7.774802320278124e-28,0.08639419139877527,800.9089211805708,1.8182037097551447,0.6089159735658145,adaptive/unreported,278,
H2,bernstein_d9,0.3611088539870142,17.470574458975616,1.458945780410584e-05,0.08639419139877527,385.2656390469059,1.1618872686708233,0.19325645324123747,adaptive/unreported,285,
H2,bernstein_d12,-0.04309708634116471,0.0,1.0,0.08639419139877527,322.26439783375116,1.0530075574201783,0.04780935456908138,adaptive/unreported,287,
H2,spline_s0.5,0.0068143738477903235,0.006221324057204213,0.4685658768798915,0.08639419139877527,150.1005149917908,0.7175225596305336,-0.4387673922319223,adaptive/unreported,287,
H2,spline_s1,-0.01386354383192138,0.0,1.0,0.08639419139877527,298.46660788624183,1.0124924408848124,-0.023223215513235473,adaptive/unreported,287,
H2,spline_s2,1.0275227941014335,141.45354673960787,6.402328894940989e-33,0.08639419139877527,936.6746107444554,1.940143500749508,0.6718074176633432,adaptive/unreported,277,
H2,cheb_d2,1.112135854087649,165.70919054188818,3.201553980781229e-38,0.08639419139877527,4498.195464415285,3.5703573622123903,0.9138306235926146,adaptive/unreported,161,
H2,cheb_d3,1.0326591904855844,142.87128163253135,3.135773297692079e-33,0.08639419139877527,982.8602323453889,1.9993162182742332,0.6890041745696167,adaptive/unreported,273,
H2,cheb_d14,0.03950957568946235,0.20913929648859816,0.3237214262528462,0.08639419139877527,310.98804175721585,1.034578442853861,0.025419849026921106,adaptive/unreported,287,
H2,cheb_d16,-0.013703924253116938,0.0,1.0,0.08639419139877527,302.77742399889087,1.0185703130686359,-0.003531604857258703,adaptive/unreported,287,
H2,cheb_d20,0.0022180702688770486,0.0006591458356698637,0.4897587465616251,0.08639419139877527,286.8696685578216,0.9922797399580255,-0.04007445160561284,adaptive/unreported,287,
H2,spline_s0.25,0.004169881573195073,0.002329583885307659,0.48075221992284617,0.08639419139877527,75.77030582387614,0.5093402029628974,-0.5893910032811616,adaptive/unreported,287,
H2,spline_s1.5,0.8249884867932801,91.18568964053226,6.540140410430843e-22,0.08639419139877527,639.1662839371196,1.552315553425607,0.5021623520898596,adaptive/unreported,280,
H2,spline_s3.0,1.0290328786503464,141.86962272096142,5.192292443102579e-33,0.08639419139877527,985.9316376677393,2.005032918537637,0.6900956216919005,adaptive/unreported,274,
H2,spline_s4.0,1.032659190485527,142.87128163251543,3.135773297717206e-33,0.08639419139877527,982.8602323453947,1.9993162182742368,0.6890041745696194,adaptive/unreported,273,
H2,pois_poly2,1.6748573897049388,375.82579001032065,5.043539320612374e-84,0.08639419139877527,3646.7674382870946,3.58844082359358,,3.0,,True
H2,pois_poly3,1.1489712563648187,176.86798978648886,1.1702206445248567e-40,0.08639419139877527,909.8563670965001,1.8458422403538606,,4.0,,True
H2,pois_poly5,1.0633697956271784,151.4954369606661,4.0838826624414747e-35,0.08639419139877527,741.0953786256778,1.6483531289078182,,6.000000000000002,,True
H2,pois_poly7,1.056042202921857,149.41474580165692,1.1637347165843888e-34,0.08639419139877527,672.533747170216,1.5684813452326747,,8.0,,True
H2,pois_poly9,0.38500183074535066,19.858959990073608,4.168552115976151e-06,0.08639419139877527,380.2540422143534,1.1618013443045667,,9.999999999999998,,True
H2,pois_poly12,-0.04523296658345009,0.0,1.0,0.08639419139877527,316.75813257800223,1.0535498009147828,,12.999999999999996,,True
H2,pois_poly16,-0.017907485355146118,0.0,1.0,0.08639419139877527,297.6765205073548,1.018695753073861,,17.0,,True
H2,pois_poly20,-0.0013103060735548406,0.0,1.0,0.08639419139877527,282.05249262079303,0.9921634369519055,,21.0,,True
H2,pspline_8_0.1,0.14226165941756685,2.7114815396285334,0.04981421295636513,0.08639419139877527,345.58495912660214,1.1060442365247867,,11.936365837342143,,True
H2,pspline_8_1,0.215699085794413,6.233436222840368,0.006268012152518747,0.08639419139877527,349.81091546583144,1.110282302431547,,11.471046736131184,,True
H2,pspline_8_10,0.5173473751510853,35.858771883301884,1.0607536307774897e-09,0.08639419139877527,417.64517453247254,1.2196862320793724,,9.717837599618601,,True
H2,pspline_8_100,0.9343276508013149,116.95783349920963,1.466180750101135e-27,0.08639419139877527,615.4676835909083,1.4922258989595196,,7.1852116919505,,True
H2,pspline_16_0.1,0.0055087782822756184,0.00406575774472164,0.4745793526910722,0.08639419139877527,289.9391268171589,1.0067453680769818,,19.781832149104403,,True
H2,pspline_16_1,0.011536524715390595,0.017831214040736995,0.44688570889378915,0.08639419139877527,300.93336365906816,1.0267491970470395,,18.49707224613262,,True
H2,pspline_16_10,0.08331728775476455,0.9300389971312008,0.16742639595217357,0.08639419139877527,332.7736296870875,1.082401513856389,,15.025511053079908,,True
H2,pspline_16_100,0.42196722762719446,23.855490822434174,5.192262243205474e-07,0.08639419139877527,403.2427972232308,1.1998617502015592,,10.639906105031969,,True
H2,pspline_24_0.1,0.00038688760750303983,2.005397870430456e-05,0.4982134758596119,0.08639419139877527,276.3181164104565,0.9814664907679541,,27.52807285002813,,True
H2,pspline_24_1,0.0033876810449826322,0.0015375736927991446,0.48436072004797887,0.08639419139877527,280.14304535624575,0.988536456652338,,25.137069397686222,,True
H2,pspline_24_10,0.02623125171574503,0.09218684277239796,0.38070761572177514,0.08639419139877527,309.469151656184,1.041948606470982,,19.796946363612992,,True
H2,pspline_24_100,0.19766409215235076,5.234635857584578,0.011070721487897187,0.08639419139877527,355.8601712617151,1.1227776311046775,,13.750351353712835,,True
H2,pspline_40_0.1,-0.0005118763213088264,0.0,1.0,0.08639419139877527,254.46638490737251,0.9404953396776505,,41.41953222233206,,True
H2,pspline_40_1,-6.692704429496851e-05,0.0,1.0,0.08639419139877527,258.1817558019627,0.9472645763012357,,37.06229506720401,,True
H2,pspline_40_10,0.007920161405328035,0.008404250253160123,0.46347825039556945,0.08639419139877527,278.17841899225783,0.9853680311841708,,28.461537208450462,,True
H2,pspline_40_100,0.06094846293680639,0.49768714892561494,0.24025906774226174,0.08639419139877527,321.3252272872295,1.0637671966040358,,19.344856324728955,,True
H2,cms_dijet_form,1.0733059680606616,154.33982376411794,9.759655047908357e-36,0.08639419139877527,748.5443703435665,1.6575345816714433,,4.999999999999999,,True
H2,local_0.15,0.10869150076413074,1.5827855699758193,0.10417995524218565,0.08639419139877527,323.77908055769535,1.058707901972084,,17.38566923253169,,True
H2,local_0.3,0.6331749573623334,53.71287158135261,1.1601903280496724e-13,0.08639419139877527,480.47988076250067,1.3046189707808675,,9.468420585115215,,True
H2,local_0.5,0.972483682772978,126.70552643990752,1.0774431210312571e-29,0.08639419139877527,689.2817083351797,1.5389958028929942,,6.315309277530229,,True
G1,cheb_d5,0.9440635783428621,119.40799265721225,4.262980314221158e-28,0.08639419139877527,892.0984130870759,1.7908526523714485,0.5395831012931163,adaptive/unreported,272,
G1,cheb_d6,0.955573573939196,122.3373794806024,9.737015570184653e-29,0.08639419139877527,808.4636338547059,1.6996534963112595,0.4953507278542698,adaptive/unreported,277,
G1,cheb_d7,0.9271151407378748,115.15909911311778,3.631512994168536e-27,0.08639419139877527,814.9722856995966,1.7242335211986075,0.502501291756973,adaptive/unreported,277,
G1,cheb_d8,0.3557657125714311,16.957393241323746,1.911407781612808e-05,0.08639419139877527,539.2156706948265,1.3639267168725175,0.24412328358028612,adaptive/unreported,284,
G1,cheb_d9,0.24545945533159014,8.07217268294532,0.0022475093672397273,0.08639419139877527,463.5968781374811,1.2579932850624422,0.13768330033682266,adaptive/unreported,286,
G1,cheb_d10,0.23021042824943402,7.100368637193488,0.003853404983253734,0.08639419139877527,434.06027351420573,1.2140059213490957,0.0892512017832123,adaptive/unreported,286,
G1,cheb_d11,0.1424422737399403,2.7183708629104757,0.04959960819832465,0.08639419139877527,428.62919754353925,1.2058386717572072,0.07788984512970795,adaptive/unreported,286,
G1,cheb_d12,0.025423396764692328,0.08659604590798348,0.38427501001234204,0.08639419139877527,416.59444526636014,1.1890045850274287,0.05660426407914895,adaptive/unreported,286,
G1,bernstein_d5,0.9440635783428581,119.40799265721124,4.262980314223327e-28,0.08639419139877527,892.098413087076,1.7908526523714485,0.5395831012931174,adaptive/unreported,272,
G1,bernstein_d7,0.9271151407378809,115.15909911311928,3.631512994165725e-27,0.08639419139877527,814.9722856995968,1.7242335211986084,0.5025012917569727,adaptive/unreported,277,
G1,bernstein_d9,0.2454594553315898,8.072172682945299,0.0022475093672397538,0.08639419139877527,463.5968781374823,1.257993285062444,0.13768330033682621,adaptive/unreported,286,
G1,bernstein_d12,0.025423396764695377,0.08659604590800424,0.38427501001232856,0.08639419139877527,416.5944452663525,1.1890045850274253,0.05660426407916148,adaptive/unreported,286,
G1,spline_s0.5,0.0007378325968023584,7.29367802382314e-05,0.4965929533478167,0.08639419139877527,152.45705116659593,0.720220024095451,-0.5619555351954709,adaptive/unreported,287,
G1,spline_s1,-0.00512670670870924,0.0,1.0,0.08639419139877527,304.38089339407986,1.016074360665911,-0.230038494338313,adaptive/unreported,287,
G1,spline_s2,0.8996513099244361,108.43746213266124,1.077725212140812e-25,0.08639419139877527,809.5520808441505,1.7054486753648657,0.4954334258627266,adaptive/unreported,277,
G1,cheb_d2,0.8866959350486876,105.33685472505981,5.152086689786784e-25,0.08639419139877527,6715.739070967616,4.454673710074707,0.9338470956793293,adaptive/unreported,126,
G1,cheb_d3,0.8720163545066718,101.87794397567639,2.9525177049282478e-24,0.08639419139877527,1165.7510882105594,2.079387125016771,0.6594406372149662,adaptive/unreported,260,
G1,cheb_d14,0.07091152766833395,0.6736969710338538,0.20588281819560916,0.08639419139877527,414.3075410740772,1.1845983100556101,0.05253950717770023,adaptive/unreported,287,
G1,cheb_d16,-0.04121576065010046,0.0,1.0,0.08639419139877527,395.01240333089,1.1574288806529278,0.007987207332750603,adaptive/unreported,286,
G1,cheb_d20,-0.018208194082405215,0.0,1.0,0.08639419139877527,378.99266239246367,1.136155629461965,-0.01675860338032209,adaptive/unreported,286,
G1,spline_s0.25,-0.0022993898312140037,0.0,1.0,0.08639419139877527,76.68601290514192,0.5126458074848652,-0.6045809940333725,adaptive/unreported,287,
G1,spline_s1.5,0.21230321825746107,6.038708511395968,0.006997759480768703,0.08639419139877527,494.01030656753966,1.3042517353035523,0.1849199890837014,adaptive/unreported,284,
G1,spline_s3.0,0.8681754898351653,100.98246159324248,4.6400759107288045e-24,0.08639419139877527,1173.0364831331685,2.089541170353521,0.6620723459946213,adaptive/unreported,263,
G1,spline_s4.0,0.8720163545066835,101.8779439756791,2.9525177049242007e-24,0.08639419139877527,1165.7510882105576,2.0793871250167717,0.6594406372149666,adaptive/unreported,260,
G1,pois_poly2,1.582859910896347,335.67258358983565,2.7944248451021185e-75,0.08639419139877527,5870.638263843961,4.489784856710683,,2.999999999999999,,True
G1,pois_poly3,0.9365909692999815,117.52515792448119,1.1014404465280302e-27,0.08639419139877527,1130.5050556457923,2.0266202324785207,,4.0,,True
G1,pois_poly5,0.9876259286493771,130.68203172186267,1.4531066951462944e-30,0.08639419139877527,881.868459724897,1.7787422070913053,,6.0,,True
G1,pois_poly7,0.9805334379636549,128.81182356405364,3.728134997346134e-30,0.08639419139877527,771.5059207101165,1.6611280017841685,,8.0,,True
G1,pois_poly9,0.2138690988880033,6.128116185986111,0.006652428121879969,0.08639419139877527,454.17462917776186,1.2614805720475153,,9.999999999999998,,True
G1,pois_poly12,0.027824640057463917,0.10372657106189755,0.37370131068942436,0.08639419139877527,408.8930572596066,1.190117001142353,,13.000000000000005,,True
G1,pois_poly16,-0.021561140164943284,0.0,1.0,0.08639419139877527,387.5917082990673,1.1579617089593304,,17.0,,True
G1,pois_poly20,0.0028288678481506635,0.0010721516810481527,0.48693947659250675,0.08639419139877527,371.93033231370975,1.1360432762817025,,20.999999999999993,,True
G1,pspline_8_0.1,0.1702331017096234,3.882566794872687,0.024394955933871056,0.08639419139877527,429.2700300071383,1.2209454306039047,,11.933985926930886,,True
G1,pspline_8_1,0.19704895376561285,5.202105770819724,0.011279771476550463,0.08639419139877527,431.1344232574488,1.2230381160858161,,11.4504344045842,,True
G1,pspline_8_10,0.3996895806953043,21.40309432907228,1.8608502951588367e-06,0.08639419139877527,477.4576424762065,1.2909919612589769,,9.63548004937642,,True
G1,pspline_8_100,0.8152894858744536,89.05423858311387,1.92067417284083e-21,0.08639419139877527,744.3541045577524,1.623084324639078,,7.10797939350587,,True
G1,pspline_16_0.1,0.005723477860665797,0.004388851900009438,0.473590027677718,0.08639419139877527,377.36322562388864,1.1439019740208538,,19.766480540979064,,True
G1,pspline_16_1,0.01632413327743536,0.03570188734807534,0.42506622561266844,0.08639419139877527,384.7271120136842,1.1541480201176864,,18.3877752353626,,True
G1,pspline_16_10,0.08786334596675767,1.0342996725169016,0.15457546665969257,0.08639419139877527,412.2281842907981,1.19568253935203,,14.841776903416282,,True
G1,pspline_16_100,0.36456578688550484,17.806670818104795,1.222622202768252e-05,0.08639419139877527,482.65928702429596,1.2981490719804745,,10.491615729631295,,True
G1,pspline_24_0.1,0.000960168793437097,0.0001235168152003343,0.49556632180463256,0.08639419139877527,360.37040685477155,1.118271421125879,,27.433911167467432,,True
G1,pspline_24_1,0.004356502700591859,0.0025427688746415987,0.47989150865121716,0.08639419139877527,363.0880775050189,1.1214812508774843,,24.908299873645348,,True
G1,pspline_24_10,0.02932406435527525,0.11520709860724095,0.3671460322651814,0.08639419139877527,388.1322728690769,1.1588124294697206,,19.55585453336853,,True
G1,pspline_24_100,0.17763035686187698,4.227321594499657,0.019889082965954968,0.08639419139877527,429.99904257558194,1.22233330848743,,13.547925391127357,,True
G1,pspline_40_0.1,-0.00037164687100726127,0.0,1.0,0.08639419139877527,350.6172683409581,1.102808015320131,,41.3169600192101,,True
G1,pspline_40_1,0.0009718468747143765,0.00012653964050534522,0.49551239932361313,0.08639419139877527,353.73031947549515,1.1072463142776545,,36.711652724170314,,True
G1,pspline_40_10,0.009346900078908416,0.011704856980193985,0.4569228902571591,0.08639419139877527,364.5500063031317,1.1228599194586437,,28.08272355130398,,True
G1,pspline_40_100,0.05906689732797167,0.4674328487790861,0.24708527739608588,0.08639419139877527,398.9799931574847,1.1751185747219226,,19.04347426659046,,True
G1,cms_dijet_form,0.9073886149128422,110.31068036288323,4.1888022499169277e-26,0.08639419139877527,1067.097056661365,1.9697648616703314,,4.999999999999998,,True
G1,local_0.15,0.10317459330839346,1.4261868995307276,0.11619387396061903,0.08639419139877527,410.07926142597387,1.1798717142286868,,17.323145350951506,,True
G1,local_0.3,0.5957095674712818,47.544475631871016,2.6885036371178864e-12,0.08639419139877527,545.8289205695401,1.3683060587561247,,9.448875744063617,,True
G1,local_0.5,0.8454373182550952,95.76211725477415,6.477556662913933e-23,0.08639419139877527,818.662566284992,1.6651627852681294,,6.397115347806908,,True
G2,cheb_d5,0.9787552485074155,128.3450487946816,4.716577524803864e-30,0.08639419139877527,786.3413978023315,1.7194169425427501,0.6285061455331923,adaptive/unreported,276,
G2,cheb_d6,0.9810688373598297,128.95253187349206,3.472991177496935e-30,0.08639419139877527,754.8129091386475,1.6893674573844648,0.614378056867905,adaptive/unreported,277,
G2,cheb_d7,0.9708301026508951,126.27500073555149,1.3384731427170936e-29,0.08639419139877527,775.56707444415,1.72894546269335,0.625818400569317,adaptive/unreported,277,
G2,cheb_d8,0.45431259096816623,27.652885656129,7.257768298836433e-08,0.08639419139877527,471.83708461145267,1.2962874366626669,0.3746017308766854,adaptive/unreported,283,
G2,cheb_d9,0.3145263904440068,13.253942843558397,0.00013600356953558253,0.08639419139877527,395.64747443973545,1.1726525251369306,0.2697008992236624,adaptive/unreported,285,
G2,cheb_d10,0.35941518081152685,17.307077758329815,1.5900010076328186e-05,0.08639419139877527,383.9721727155634,1.1613385091292447,0.24556759922885535,adaptive/unreported,284,
G2,cheb_d11,0.2724350967496065,9.943906272187458,0.0008069136308480664,0.08639419139877527,373.65372352867576,1.143661962260073,0.21973622807608054,adaptive/unreported,284,
G2,cheb_d12,-0.02833382147947484,0.0,1.0,0.08639419139877527,328.15920884699074,1.0596786047524986,0.12818391988669994,adaptive/unreported,287,
G2,bernstein_d5,0.9787552485074146,128.34504879468136,4.7165775248042696e-30,0.08639419139877527,786.3413978023326,1.7194169425427561,0.6285061455331938,adaptive/unreported,276,
G2,bernstein_d7,0.9708301026508974,126.2750007355521,1.3384731427166914e-29,0.08639419139877527,775.5670744441502,1.7289454626933471,0.6258184005693173,adaptive/unreported,277,
G2,bernstein_d9,0.31452639044399744,13.253942843557606,0.00013600356953563967,0.08639419139877527,395.6474744397385,1.172652525136933,0.2697008992236622,adaptive/unreported,285,
G2,bernstein_d12,-0.02833382147946895,0.0,1.0,0.08639419139877527,328.15920884699125,1.059678604752501,0.12818391988670358,adaptive/unreported,287,
G2,spline_s0.5,0.012705974588252237,0.021629519732880846,0.44153847188018286,0.08639419139877527,153.0845997203868,0.7206973381828538,-0.47379273774944924,adaptive/unreported,287,
G2,spline_s1,-0.003146711640159842,0.0,1.0,0.08639419139877527,302.1019206909345,1.0168804614726294,0.053992458112254164,adaptive/unreported,287,
G2,spline_s2,0.771653551129327,79.77661958930648,2.0961213948783461e-19,0.08639419139877527,1002.8322551541297,1.9055406743386665,0.6991700257786434,adaptive/unreported,271,
G2,cheb_d2,0.9416593601283627,118.8005816208363,5.790292635317658e-28,0.08639419139877527,6347.140498272777,4.338745010903812,0.9504636954669884,adaptive/unreported,132,
G2,cheb_d3,0.7831626028797437,82.17406925832685,6.230703560770269e-20,0.08639419139877527,1041.8790196007922,1.9573714065952252,0.7138570681816045,adaptive/unreported,268,
G2,cheb_d14,0.10062227263764863,1.356497992982864,0.12207266661058619,0.08639419139877527,319.4599445763022,1.0414796261429455,0.1139402207879022,adaptive/unreported,287,
G2,cheb_d16,0.016950616302022298,0.03849478496165186,0.4222264700019691,0.08639419139877527,301.6418814307137,1.0133406483655676,0.06506323951989332,adaptive/unreported,287,
G2,cheb_d20,0.016876002018300144,0.03815663334436614,0.4225644766181761,0.08639419139877527,267.55872702486045,0.9559256247009337,-0.017670152020343163,adaptive/unreported,287,
G2,spline_s0.25,0.003592956123536353,0.0017295564408349054,0.4834135952035565,0.08639419139877527,76.43108195416183,0.5121575736120776,-0.5948270722240298,adaptive/unreported,287,
G2,spline_s1.5,0.7480831445327134,74.9774473593186,2.380609094472833e-18,0.08639419139877527,595.7463330637504,1.4475299686720635,0.5003528299880431,adaptive/unreported,282,
G2,spline_s3.0,0.7806453369301393,81.64666524945339,8.136307646158981e-20,0.08639419139877527,1046.2065791006598,1.9640910273687415,0.7153698326490002,adaptive/unreported,270,
G2,spline_s4.0,0.7831626028797508,82.17406925832836,6.23070356076552e-20,0.08639419139877527,1041.879019600794,1.9573714065952266,0.7138570681816048,adaptive/unreported,268,
G2,pois_poly2,1.5551084161626842,324.0054049628815,9.71457918803739e-73,0.08639419139877527,5568.682151217668,4.36590284761673,,3.000000000000001,,True
G2,pois_poly3,0.9629636002697076,124.2369136752655,3.73812408845316e-29,0.08639419139877527,962.8858552072252,1.8726048583037547,,3.999999999999999,,True
G2,pois_poly5,1.0312762683884837,142.48887559537135,3.801519110832191e-33,0.08639419139877527,749.9823559483808,1.659532778967256,,5.999999999999999,,True
G2,pois_poly7,1.050260202744312,147.7830855424225,2.645561223508978e-34,0.08639419139877527,694.5073420775911,1.5856099287448548,,8.0,,True
G2,pois_poly9,0.27556976968551544,10.174054460735453,0.000712153608590134,0.08639419139877527,382.7015497588716,1.1651094635892452,,9.999999999999998,,True
G2,pois_poly12,-0.023836938903185598,0.0,1.0,0.08639419139877527,320.96592166266953,1.0603892331867106,,12.999999999999993,,True
G2,pois_poly16,0.0017253239942423577,0.00039881569002995614,0.49203350446170513,0.08639419139877527,294.89904153676787,1.0136865130927106,,17.000000000000004,,True
G2,pois_poly20,0.0019354593770440152,0.0005018790097216278,0.4910633807280284,0.08639419139877527,261.5357048231306,0.9556938737827326,,21.000000000000004,,True
G2,pspline_8_0.1,0.24140539728221588,7.80773137415486,0.00260115865283914,0.08639419139877527,367.48248767468226,1.136264073478917,,11.933475444221914,,True
G2,pspline_8_1,0.2756983462590411,10.183550787150356,0.000708495227431555,0.08639419139877527,370.0431393023775,1.1399058430083442,,11.446576766817957,,True
G2,pspline_8_10,0.4910067659440769,32.30024859098952,6.604821738634006e-09,0.08639419139877527,423.0605642144583,1.2247822462572242,,9.620725229551876,,True
G2,pspline_8_100,0.8702546975145428,101.46672988832776,3.633693447504468e-24,0.08639419139877527,639.1622420599426,1.5103252731387238,,7.086364191128671,,True
G2,pspline_16_0.1,0.004610073262335855,0.002847387445569048,0.47872217233524117,0.08639419139877527,262.48107776814857,0.9579099528672227,,19.766921966783418,,True
G2,pspline_16_1,0.017812714004380295,0.04250999967473313,0.41832533748460826,0.08639419139877527,276.17638970215467,0.9830517132693869,,18.379609296922013,,True
G2,pspline_16_10,0.10548733994230867,1.4908419114136668,0.11104293923983422,0.08639419139877527,325.82381023071423,1.0704143876450716,,14.807315949058312,,True
G2,pspline_16_100,0.4250626331539938,24.20676577695257,4.3263888737922425e-07,0.08639419139877527,409.758733035166,1.2060933428672906,,10.45784900173521,,True
G2,pspline_24_0.1,-0.000476613237879913,0.0,1.0,0.08639419139877527,250.6574488473605,0.9348992618189602,,27.415773113803883,,True
G2,pspline_24_1,0.004360989972713283,0.0025480097630163883,0.4798708141385051,0.08639419139877527,254.60702895064398,0.942221999396788,,24.894185009268305,,True
G2,pspline_24_10,0.03499824013620604,0.1641055711177261,0.34270220232434184,0.08639419139877527,284.6906440871556,0.9986465458403025,,19.520291839559697,,True
G2,pspline_24_100,0.21343143741508727,6.103060709454235,0.0067473976870951365,0.08639419139877527,348.0981352924324,1.1092091878043067,,13.502921614328498,,True
G2,pspline_40_0.1,-0.00030361977279066694,0.0,1.0,0.08639419139877527,231.81496703954406,0.8976403475805431,,41.32222351675185,,True
G2,pspline_40_1,0.0003163703607185366,1.3409805874841181e-05,0.4985391004993454,0.08639419139877527,237.00217833383164,0.9082917604555946,,36.66980149104747,,True
G2,pspline_40_10,0.009001221367987963,0.010855099196477341,0.4585101548257366,0.08639419139877527,254.07856409461317,0.9421114629059087,,28.018097927285396,,True
G2,pspline_40_100,0.0683102546623439,0.6251766087346771,0.21456505263989034,0.08639419139877527,298.1682713279354,1.0242518139648482,,18.98200622593501,,True
G2,cms_dijet_form,0.9412211664750397,118.69004154493851,6.122134386154139e-28,0.08639419139877527,918.6751679977517,1.83107170061676,,4.999999999999999,,True
G2,local_0.15,0.1267441295202477,2.152219775431312,0.07118196540573779,0.08639419139877527,313.7177299917673,1.0400483335360113,,17.322154282841225,,True
G2,local_0.3,0.653998389076096,57.30391166509332,1.8670591318832014e-14,0.08639419139877527,488.95464280414814,1.3131780175573304,,9.454636571546908,,True
G2,local_0.5,0.9123130564406062,111.51125203150521,2.2860149290903928e-26,0.08639419139877527,731.1467295039408,1.5837667898308458,,6.403746813257256,,True
