folds,block,winner,name,family,degree,spline_smoothing_factor,a_failed,b_failed,failed,a_total_poisson_deviance,b_total_poisson_deviance,a_deviance_per_bin,b_deviance_per_bin,combined_validation_bins,combined_total_poisson_deviance,combined_deviance_per_bin
3,1,bernstein_d12,cheb_d5,chebyshev,5,1.0,,,,771.7396036772343,918.5703596528275,2.6889881661227677,3.200593587640514,574,1690.3099633300617,2.9447908768816404
3,1,bernstein_d12,cheb_d6,chebyshev,6,1.0,,,,730.9741397707853,838.0493478131102,2.5469482221978583,2.9200325707773875,574,1569.0234875838955,2.733490396487623
3,1,bernstein_d12,cheb_d7,chebyshev,7,1.0,,,,817.172537399802,894.9743338900626,2.8472910710794492,3.118377470000218,574,1712.1468712898645,2.9828342705398336
3,1,bernstein_d12,cheb_d8,chebyshev,8,1.0,,,,562.3748321329964,581.4443806287248,1.959494188616712,2.025938608462456,574,1143.8192127617212,1.9927163985395842
3,1,bernstein_d12,cheb_d9,chebyshev,9,1.0,,,,417.06807320666326,505.1934722448625,1.4531988613472588,1.7602560008531796,574,922.2615454515258,1.606727431100219
3,1,bernstein_d12,cheb_d10,chebyshev,10,1.0,,,,420.19785931008823,477.3437755526158,1.464104039407973,1.663218730148487,574,897.5416348627041,1.5636613847782301
3,1,bernstein_d12,cheb_d11,chebyshev,11,1.0,,,,387.93871721079336,474.66793860041605,1.351702847424367,1.6538952564474427,574,862.6066558112094,1.502799051935905
3,1,bernstein_d12,cheb_d12,chebyshev,12,1.0,,,,349.98457856582945,470.658967064297,1.2194584619018447,1.6399267145097456,574,820.6435456301265,1.4296925882057954
3,1,bernstein_d12,bernstein_d5,bernstein,5,1.0,,,,771.7396036772318,918.5703596528299,2.688988166122759,3.2005935876405225,574,1690.3099633300617,2.9447908768816404
3,1,bernstein_d12,bernstein_d7,bernstein,7,1.0,,,,817.1725373998003,894.9743338900564,2.8472910710794435,3.1183774700001967,574,1712.1468712898568,2.9828342705398203
3,1,bernstein_d12,bernstein_d9,bernstein,9,1.0,,,,417.06807320666553,505.1934722448598,1.4531988613472666,1.76025600085317,574,922.2615454515253,1.6067274311002182
3,1,bernstein_d12,bernstein_d12,bernstein,12,1.0,,,,349.9845785658278,470.65896706429294,1.219458461901839,1.6399267145097316,574,820.6435456301208,1.4296925882057854
3,1,bernstein_d12,spline_s0.5,spline,7,0.5,,,,419.8895223469983,600.0028981401206,1.4630296945888444,2.090602432543974,574,1019.8924204871189,1.7768160635664092
3,1,bernstein_d12,spline_s1,spline,7,1.0,,,,363.3025277754704,505.1439166936376,1.2658624661166218,1.7600833334273087,574,868.446444469108,1.5129728997719651
3,1,bernstein_d12,spline_s2,spline,7,2.0,,,,961.6220424311138,930.5218656163809,3.3505994509794905,3.2422364655623026,574,1892.1439080474947,3.296417958270897
3,2,cheb_d12,cheb_d5,chebyshev,5,1.0,,,,810.4576130036467,984.7784989985267,2.8238941219639258,3.4312839686359817,574,1795.2361120021733,3.1275890452999535
3,2,cheb_d12,cheb_d6,chebyshev,6,1.0,,,,741.3606968846894,862.1194422272027,2.5831383166713917,3.0039004955651665,574,1603.4801391118922,2.793519406118279
3,2,cheb_d12,cheb_d7,chebyshev,7,1.0,,,,832.5883368991017,861.7811616265805,2.9010046581850233,3.0027218175142174,574,1694.369498525682,2.9518632378496203
3,2,cheb_d12,cheb_d8,chebyshev,8,1.0,,,,579.6042886776306,624.8333079633411,2.019527138249584,2.177119539941955,574,1204.4375966409716,2.0983233390957694
3,2,cheb_d12,cheb_d9,chebyshev,9,1.0,,,,448.9910555299663,542.6021001545721,1.5644287649127744,1.890599652106523,574,991.5931556845384,1.7275142085096487
3,2,cheb_d12,cheb_d10,chebyshev,10,1.0,,,,466.01023870131775,503.22845129244183,1.6237290547084242,1.753409237952759,574,969.2386899937596,1.6885691463305916
3,2,cheb_d12,cheb_d11,chebyshev,11,1.0,,,,462.82352629543266,507.49787152306453,1.6126255271617862,1.7682852666308868,574,970.3213978184972,1.6904553968963365
3,2,cheb_d12,cheb_d12,chebyshev,12,1.0,,,,394.4957244193893,495.847374647789,1.3745495624368966,1.7276912008633765,574,890.3430990671784,1.5511203816501367
3,2,cheb_d12,bernstein_d5,bernstein,5,1.0,,,,810.457613003648,984.7784989985255,2.82389412196393,3.4312839686359773,574,1795.2361120021735,3.127589045299954
3,2,cheb_d12,bernstein_d7,bernstein,7,1.0,,,,832.5883368990941,861.7811616265848,2.9010046581849966,3.0027218175142325,574,1694.3694985256789,2.9518632378496146
3,2,cheb_d12,bernstein_d9,bernstein,9,1.0,,,,448.99105552996514,542.6021001545705,1.5644287649127706,1.8905996521065174,574,991.5931556845356,1.727514208509644
3,2,cheb_d12,bernstein_d12,bernstein,12,1.0,,,,394.49572441939563,495.84737464778743,1.3745495624369186,1.727691200863371,574,890.3430990671831,1.5511203816501447
3,2,cheb_d12,spline_s0.5,spline,7,0.5,,,,768.5215445462629,3919.4224687631117,2.6777754165375014,13.65652428140457,574,4687.944013309375,8.167149848971036
3,2,cheb_d12,spline_s1,spline,7,1.0,,,,396.3143622175443,550.0203667743085,1.3808862795036387,1.916447270990622,574,946.3347289918529,1.6486667752471305
3,2,cheb_d12,spline_s2,spline,7,2.0,,,,960.0933441606364,801.6594944278318,3.345272976169465,2.7932386565429677,574,1761.7528385884682,3.0692558163562165
3,4,bernstein_d12,cheb_d5,chebyshev,5,1.0,,,,817.8528345903678,1034.7165080642972,2.8496614445657413,3.605284000224032,574,1852.569342654665,3.2274727223948867
3,4,bernstein_d12,cheb_d6,chebyshev,6,1.0,,,,775.5998824666464,878.2607087932909,2.7024386148663635,3.060141842485334,574,1653.8605912599373,2.881290228675849
3,4,bernstein_d12,cheb_d7,chebyshev,7,1.0,,,,888.0650457126228,958.213439277323,3.094303295165933,3.338722784938408,574,1846.2784849899458,3.2165130400521704
3,4,bernstein_d12,cheb_d8,chebyshev,8,1.0,,,,573.9589116921686,625.2929703465825,1.9998568351643506,2.1787211510333884,574,1199.251882038751,2.0892889930988696
3,4,bernstein_d12,cheb_d9,chebyshev,9,1.0,,,,476.0740445040385,604.2279570898021,1.6587945801534443,2.105323892298962,574,1080.3020015938405,1.882059236226203
3,4,bernstein_d12,cheb_d10,chebyshev,10,1.0,,,,485.239485879622,559.6603447179706,1.6907299159568712,1.9500360443134863,574,1044.8998305975927,1.8203829801351787
3,4,bernstein_d12,cheb_d11,chebyshev,11,1.0,,,,433.1264257756387,526.9051821992845,1.509151309322783,1.8359065581856602,574,960.0316079749232,1.6725289337542215
3,4,bernstein_d12,cheb_d12,chebyshev,12,1.0,,,,386.34195241734824,519.8466838115841,1.3461392070290878,1.8113124871483766,574,906.1886362289323,1.5787258470887322
3,4,bernstein_d12,bernstein_d5,bernstein,5,1.0,,,,817.8528345903679,1034.7165080643015,2.8496614445657418,3.605284000224047,574,1852.5693426546695,3.2274727223948947
3,4,bernstein_d12,bernstein_d7,bernstein,7,1.0,,,,888.0650457126258,958.2134392773269,3.0943032951659433,3.338722784938421,574,1846.2784849899526,3.2165130400521824
3,4,bernstein_d12,bernstein_d9,bernstein,9,1.0,,,,476.07404450403516,604.2279570897938,1.6587945801534325,2.1053238922989332,574,1080.302001593829,1.8820592362261828
3,4,bernstein_d12,bernstein_d12,bernstein,12,1.0,,,,386.3419524173394,519.8466838115644,1.3461392070290572,1.811312487148308,574,906.1886362289038,1.5787258470886825
3,4,bernstein_d12,spline_s0.5,spline,7,0.5,,,,1626.44921038304,4685.329854065633,5.667070419453101,16.325191129148546,574,6311.779064448673,10.996130774300823
3,4,bernstein_d12,spline_s1,spline,7,1.0,,,,387.6417739260019,618.1397267316845,1.3506682018327594,2.153796957253256,574,1005.7815006576864,1.7522325795430076
3,4,bernstein_d12,spline_s2,spline,7,2.0,,,,926.0465675237812,1114.8649122331776,3.226643092417356,3.8845467325197824,574,2040.9114797569587,3.5555949124685693
3,8,cheb_d9,cheb_d5,chebyshev,5,1.0,,,,1027.790651335581,1272.2507268894367,3.581152095245927,4.4329293619841,574,2300.041378225018,4.007040728615014
3,8,cheb_d9,cheb_d6,chebyshev,6,1.0,,,,1355.636865664164,1268.5685116905163,4.7234733995267035,4.420099343869395,574,2624.2053773546804,4.57178637169805
3,8,cheb_d9,cheb_d7,chebyshev,7,1.0,,,,1254.8716143150791,1360.0001731750124,4.37237496277031,4.738676561585409,574,2614.8717874900913,4.55552576217786
3,8,cheb_d9,cheb_d8,chebyshev,8,1.0,,,,670.7438804771937,856.946837702577,2.337086691558166,2.9858774832842405,574,1527.6907181797706,2.661482087421203
3,8,cheb_d9,cheb_d9,chebyshev,9,1.0,,,,599.6045489428034,688.2290118000749,2.089214456246702,2.398010494076916,574,1287.8335607428783,2.2436124751618087
3,8,cheb_d9,cheb_d10,chebyshev,10,1.0,,,,847.6519131124548,593.7505841672069,2.9534909864545464,2.068817366436261,574,1441.4024972796617,2.5111541764454035
3,8,cheb_d9,cheb_d11,chebyshev,11,1.0,,,,910.7949790719837,649.0991047253093,3.1735016692403613,2.2616693544435864,574,1559.894083797293,2.717585511841974
3,8,cheb_d9,cheb_d12,chebyshev,12,1.0,,,,1263.6569877431634,657.3507655053578,4.4029860200110225,2.290420785732954,574,1921.007753248521,3.346703402871988
3,8,cheb_d9,bernstein_d5,bernstein,5,1.0,,,,1027.7906513355795,1272.250726889432,3.5811520952459217,4.432929361984083,574,2300.0413782250116,4.007040728615003
3,8,cheb_d9,bernstein_d7,bernstein,7,1.0,,,,1254.8716143150737,1360.0001731750042,4.372374962770292,4.738676561585381,574,2614.8717874900776,4.555525762177836
3,8,cheb_d9,bernstein_d9,bernstein,9,1.0,,,,599.6045489428136,688.229011800076,2.0892144562467374,2.39801049407692,574,1287.8335607428896,2.2436124751618287
3,8,cheb_d9,bernstein_d12,bernstein,12,1.0,,,,1263.6569877431239,657.3507655053504,4.402986020010885,2.290420785732928,574,1921.0077532484743,3.3467034028719063
3,8,cheb_d9,spline_s0.5,spline,7,0.5,,,,9145.544002447283,25666.29526165681,31.866006977168233,89.42960021483209,574,34811.83926410409,60.64780359600016
3,8,cheb_d9,spline_s1,spline,7,1.0,,,,661.362181736278,7586433.215765766,2.3043978457710033,26433.565211727408,574,7587094.577947502,13217.93480478659
3,8,cheb_d9,spline_s2,spline,7,2.0,,,,982.4614354320895,1266.155055058964,3.4232105764184304,4.411690087313464,574,2248.616490491054,3.9174503318659473
3,16,spline_s2,cheb_d5,chebyshev,5,1.0,,,,1382.3806386693363,2214.2502163515983,4.816657277593507,7.7151575482634085,574,3596.6308550209346,6.265907412928458
3,16,spline_s2,cheb_d6,chebyshev,6,1.0,,,,1983.7209864307815,4365.2675877103775,6.911919813347671,15.209991594809678,574,6348.988574141159,11.060955704078674
3,16,spline_s2,cheb_d7,chebyshev,7,1.0,,,,2780372.6211384227,5878208.218848998,9687.709481318547,20481.56173814982,574,8658580.83998742,15084.63560973418
3,16,spline_s2,cheb_d8,chebyshev,8,1.0,,,,382344155.69493246,10923256.460502617,1332209.6017245033,38060.127040078805,574,393267412.1554351,685134.8643822911
3,16,spline_s2,cheb_d9,chebyshev,9,1.0,,,,8666839.214887911,8607.93635415903,30198.046044905615,29.992809596372926,574,8675447.15124207,15114.019427250993
3,16,spline_s2,cheb_d10,chebyshev,10,1.0,,,,1062.3773615925772,9237.628472001665,3.7016632808103735,32.18685878746225,574,10300.005833594241,17.944261034136307
3,16,spline_s2,cheb_d11,chebyshev,11,1.0,,,,699771.8030166975,67351921.40315141,2438.229278803824,234675.684331538,574,68051693.2061681,118556.9568051709
3,16,spline_s2,cheb_d12,chebyshev,12,1.0,,,,4.23911648552904e+22,1.2123904423998396e+22,1.477044071612906e+20,4.22435694215972e+19,574,5.45150692792888e+22,9.49739882914439e+19
3,16,spline_s2,bernstein_d5,bernstein,5,1.0,,,,1382.380638669323,2214.2502163516137,4.8166572775934595,7.715157548263463,574,3596.630855020937,6.2659074129284615
3,16,spline_s2,bernstein_d7,bernstein,7,1.0,,,,2780372.6211384954,5878208.218849025,9687.7094813188,20481.56173814991,574,8658580.83998752,15084.635609734356
3,16,spline_s2,bernstein_d9,bernstein,9,1.0,,,,8666839.214884551,8607.936354160553,30198.04604489391,29.992809596378233,574,8675447.151238712,15114.019427245143
3,16,spline_s2,bernstein_d12,bernstein,12,1.0,,,,4.239116485528097e+22,1.2123904424033684e+22,1.4770440716125772e+20,4.224356942172016e+19,574,5.451506927931465e+22,9.497398829148894e+19
3,16,spline_s2,spline_s0.5,spline,7,0.5,,,,1.659105769147863e+23,9760434280840.363,5.7808563384942966e+20,34008481814.774784,574,1.6591057692454675e+23,2.890428169417191e+20
3,16,spline_s2,spline_s1,spline,7,1.0,,,,2570449583.4567723,83780.08137889371,8956270.325633353,291.9166598567725,574,2570533363.5381513,4478281.121146605
3,16,spline_s2,spline_s2,spline,7,2.0,,,,1069.818624085984,2433.6467051750096,3.72759102468984,8.479605244512229,574,3503.4653292609937,6.103598134601034
3,24,spline_s2,cheb_d5,chebyshev,5,1.0,,,,2730.72016732245,5950.2416974595235,9.514704415757665,20.732549468500082,574,8680.961864781973,15.123626942128874
3,24,spline_s2,cheb_d6,chebyshev,6,1.0,,,,9102.986900724918,17482.080833212964,31.71772439276975,60.91317363488837,574,26585.06773393788,46.31544901382906
3,24,spline_s2,cheb_d7,chebyshev,7,1.0,,,,3077841.4649615684,11141109.493094586,10724.186289064699,38819.19684005082,574,14218950.958056154,24771.691564557757
3,24,spline_s2,cheb_d8,chebyshev,8,1.0,,,,373099664.94236296,9754424.437993765,1299998.8325517874,33987.54159579709,574,382854089.3803567,666993.1870737922
3,24,spline_s2,cheb_d9,chebyshev,9,1.0,,,,2992868.088346379,2456.200921026144,10428.111806084944,8.558191362460432,574,2995324.289267405,5218.334998723702
3,24,spline_s2,cheb_d10,chebyshev,10,1.0,,,,21705.911945053525,12399449.609631978,75.63035520924574,43203.65717641804,574,12421155.521577032,21639.643765813646
3,24,spline_s2,cheb_d11,chebyshev,11,1.0,,,,5449659.439005769,5823934278.251291,18988.360414654246,20292453.93118917,574,5829383937.690297,10155721.145801911
3,24,spline_s2,cheb_d12,chebyshev,12,1.0,,,,5.3073375269394846e+22,3.5025631277283526e+22,1.8492465250660224e+20,1.2204052709854888e+20,574,8.809900654667838e+22,1.5348258980257556e+20
3,24,spline_s2,bernstein_d5,bernstein,5,1.0,,,,2730.720167322402,5950.241697459419,9.5147044157575,20.732549468499716,574,8680.96186478182,15.123626942128608
3,24,spline_s2,bernstein_d7,bernstein,7,1.0,,,,3077841.4649616466,11141109.493094776,10724.18628906497,38819.19684005148,574,14218950.958056422,24771.691564558227
3,24,spline_s2,bernstein_d9,bernstein,9,1.0,,,,2992868.0883460385,2456.200921025906,10428.111806083758,8.558191362459603,574,2995324.2892670645,5218.334998723109
3,24,spline_s2,bernstein_d12,bernstein,12,1.0,,,,5.307337526940498e+22,3.5025631277409074e+22,1.8492465250663757e+20,1.2204052709898632e+20,574,8.809900654681406e+22,1.5348258980281195e+20
3,24,spline_s2,spline_s0.5,spline,7,0.5,,,,1.659105769147863e+23,155464.0195809267,5.7808563384942966e+20,541.6864793760511,574,1.659105769147863e+23,2.8904281692471483e+20
3,24,spline_s2,spline_s1,spline,7,1.0,,,,210651.74287560192,20225559402.18121,733.978198172829,70472332.41178122,574,20225770053.924084,35236533.194989696
3,24,spline_s2,spline_s2,spline,7,2.0,,,,1271.7549527018723,3707.054741473595,4.4312019257904955,12.916567043462004,574,4978.8096941754675,8.67388448462625
3,32,spline_s2,cheb_d5,chebyshev,5,1.0,,,,2896.238045064363,10872.968938174221,10.091421759806144,37.88490919224467,574,13769.206983238584,23.988165476025408
3,32,spline_s2,cheb_d6,chebyshev,6,1.0,,,,15434.553559325286,15047.441550062376,53.778932262457445,52.430109930530925,574,30481.995109387663,53.10452109649419
3,32,spline_s2,cheb_d7,chebyshev,7,1.0,,,,4451096.173601558,357756804798.7341,15509.045901050726,1246539389.5426273,574,357761255894.90765,623277449.2942642
3,32,spline_s2,cheb_d8,chebyshev,8,1.0,,,,387873929.55487126,27147148.391697083,1351477.106462966,94589.36721845674,574,415021077.94656837,723033.2368407114
3,32,spline_s2,cheb_d9,chebyshev,9,1.0,,,,6236044.2897725655,24475.970086304063,21728.377316280716,85.28212573625109,574,6260520.25985887,10906.829721008484
3,32,spline_s2,cheb_d10,chebyshev,10,1.0,,,,6.291407133138512e+22,5.4032299321784015e+22,2.192127920954185e+20,1.8826585129541468e+20,574,1.1694637065316913e+23,2.037393216954166e+20
3,32,spline_s2,cheb_d11,chebyshev,11,1.0,,,,71044.37001724257,17045260.55605907,247.54135894509608,59391.15176327202,574,17116304.92607631,29819.346561108556
3,32,spline_s2,cheb_d12,chebyshev,12,1.0,,,,2.0698608807650813e+23,2.0996867759412125e+23,7.2120588179968e+20,7.315981797704574e+20,574,4.169547656706294e+23,7.264020307850687e+20
3,32,spline_s2,bernstein_d5,bernstein,5,1.0,,,,2896.238045064357,10872.968938174346,10.09142175980612,37.88490919224511,574,13769.206983238702,23.988165476025614
3,32,spline_s2,bernstein_d7,bernstein,7,1.0,,,,4451096.173601519,357756804798.7419,15509.04590105059,1246539389.5426548,574,357761255894.91547,623277449.2942778
3,32,spline_s2,bernstein_d9,bernstein,9,1.0,,,,6236044.2897728365,24475.970086305133,21728.37731628166,85.28212573625481,574,6260520.259859142,10906.829721008959
3,32,spline_s2,bernstein_d12,bernstein,12,1.0,,,,2.0698608807623983e+23,2.099686775940279e+23,7.21205881798745e+20,7.315981797701321e+20,574,4.169547656702677e+23,7.264020307844385e+20
3,32,spline_s2,spline_s0.5,spline,7,0.5,,,,4.355524885602775e+23,3.0929293226778256e+23,1.5176044897570644e+21,1.0776757221873957e+21,574,7.448454208280601e+23,1.2976401059722303e+21
3,32,spline_s2,spline_s1,spline,7,1.0,,,,31517471079571.047,6784343.379511762,109816972402.68657,23638.82710631276,574,31517477863914.426,54908498020.756836
3,32,spline_s2,spline_s2,spline,7,2.0,,,,3105.4192341110374,2365.989020555751,10.820276077041942,8.243864183121083,574,5471.408254666789,9.532070130081513
5,1,bernstein_d12,cheb_d5,chebyshev,5,1.0,,,,790.4231091618067,933.2838677953808,2.7540874883686643,3.251860166534428,574,1723.7069769571876,3.0029738274515463
5,1,bernstein_d12,cheb_d6,chebyshev,6,1.0,,,,741.1775521552418,834.5271882648536,2.582500181725581,2.9077602378566327,574,1575.7047404200953,2.745130209791107
5,1,bernstein_d12,cheb_d7,chebyshev,7,1.0,,,,818.3851710021366,854.1429713490475,2.851516275268769,2.976107914108179,574,1672.5281423511842,2.9138120946884745
5,1,bernstein_d12,cheb_d8,chebyshev,8,1.0,,,,589.3085976301523,579.5209992636223,2.053340061429102,2.0192369312321334,574,1168.8295968937746,2.036288496330618
5,1,bernstein_d12,cheb_d9,chebyshev,9,1.0,,,,413.9191345377447,500.26200812127706,1.4422269496088664,1.74307319902884,574,914.1811426590218,1.5926500743188534
5,1,bernstein_d12,cheb_d10,chebyshev,10,1.0,,,,419.09318959454646,472.5216828613163,1.4602550160088728,1.6464170134540639,574,891.6148724558627,1.553336014731468
5,1,bernstein_d12,cheb_d11,chebyshev,11,1.0,,,,395.41097974743036,474.44053395515715,1.3777386053917433,1.653102905767098,574,869.8515137025875,1.5154207555794206
5,1,bernstein_d12,cheb_d12,chebyshev,12,1.0,,,,366.42109457708375,465.94307987380955,1.276728552533393,1.6234950518251203,574,832.3641744508933,1.4501118021792567
5,1,bernstein_d12,bernstein_d5,bernstein,5,1.0,,,,790.4231091618053,933.2838677953804,2.7540874883686595,3.2518601665344264,574,1723.7069769571858,3.002973827451543
5,1,bernstein_d12,bernstein_d7,bernstein,7,1.0,,,,818.3851710021366,854.1429713490504,2.851516275268769,2.9761079141081894,574,1672.528142351187,2.913812094688479
5,1,bernstein_d12,bernstein_d9,bernstein,9,1.0,,,,413.9191345377475,500.2620081212807,1.4422269496088762,1.7430731990288526,574,914.1811426590282,1.5926500743188645
5,1,bernstein_d12,bernstein_d12,bernstein,12,1.0,,,,366.4210945770743,465.9430798738156,1.27672855253336,1.6234950518251414,574,832.3641744508899,1.4501118021792507
5,1,bernstein_d12,spline_s0.5,spline,7,0.5,,,,436.2793106705256,658.9558437745707,1.520136970977441,2.296013392942755,574,1095.2351544450962,1.9080751819600978
5,1,bernstein_d12,spline_s1,spline,7,1.0,,,,371.49885273335747,500.1296041096165,1.2944210896632664,1.7426118610091166,574,871.628456842974,1.5185164753361915
5,1,bernstein_d12,spline_s2,spline,7,2.0,,,,926.2087497877994,937.1155679641959,3.227208187413935,3.2652110382027733,574,1863.3243177519953,3.246209612808354
5,2,bernstein_d12,cheb_d5,chebyshev,5,1.0,,,,782.4481750539561,947.6952138643138,2.726300261512042,3.3020739159035326,574,1730.14338891827,3.0141870887077875
5,2,bernstein_d12,cheb_d6,chebyshev,6,1.0,,,,718.3227928844981,833.6556088782943,2.5028668741620144,2.9047233758825586,574,1551.9784017627924,2.7037951250222862
5,2,bernstein_d12,cheb_d7,chebyshev,7,1.0,,,,817.7146805416685,871.2867413070517,2.8491800715737576,3.035842304205755,574,1689.0014218487202,2.9425111878897563
5,2,bernstein_d12,cheb_d8,chebyshev,8,1.0,,,,571.5513674649044,589.2760366570886,1.9914681793202242,2.0532266085612845,574,1160.827404121993,2.022347393940754
5,2,bernstein_d12,cheb_d9,chebyshev,9,1.0,,,,457.2372820421584,530.6525970642689,1.5931612614709352,1.8489637528371738,574,987.8898791064273,1.7210625071540546
5,2,bernstein_d12,cheb_d10,chebyshev,10,1.0,,,,488.5346829630764,492.95691294745296,1.7022114388957366,1.7176199057402541,574,981.4915959105294,1.7099156723179956
5,2,bernstein_d12,cheb_d11,chebyshev,11,1.0,,,,455.0058275493514,493.0027075162292,1.5853861587085416,1.7177794686976626,574,948.0085350655806,1.6515828137031021
5,2,bernstein_d12,cheb_d12,chebyshev,12,1.0,,,,385.88470743681415,476.72971041943237,1.3445460189436034,1.6610791303812975,574,862.6144178562465,1.5028125746624503
5,2,bernstein_d12,bernstein_d5,bernstein,5,1.0,,,,782.4481750539534,947.6952138643203,2.7263002615120326,3.302073915903555,574,1730.1433889182736,3.0141870887077937
5,2,bernstein_d12,bernstein_d7,bernstein,7,1.0,,,,817.7146805416696,871.2867413070504,2.8491800715737616,3.0358423042057505,574,1689.00142184872,2.942511187889756
5,2,bernstein_d12,bernstein_d9,bernstein,9,1.0,,,,457.2372820421565,530.6525970642683,1.5931612614709285,1.8489637528371718,574,987.8898791064248,1.7210625071540502
5,2,bernstein_d12,bernstein_d12,bernstein,12,1.0,,,,385.88470743681285,476.7297104194269,1.3445460189435987,1.6610791303812784,574,862.6144178562397,1.5028125746624386
5,2,bernstein_d12,spline_s0.5,spline,7,0.5,,,,812.5237905555383,62111.27888034835,2.8310933468834087,216.4156058548723,574,62923.80267090389,109.62334960087786
5,2,bernstein_d12,spline_s1,spline,7,1.0,,,,407.966521585596,636.9386151617541,1.4214861379289059,2.2192983106681328,574,1044.90513674735,1.8203922242985193
5,2,bernstein_d12,spline_s2,spline,7,2.0,,,,930.9253947123502,961.3505545383986,3.2436424902869345,3.349653500133793,574,1892.275949250749,3.296647995210364
5,4,cheb_d12,cheb_d5,chebyshev,5,1.0,,,,878.2425867041521,1056.5590315381553,3.0600786993176032,3.681390353791482,574,1934.8016182423075,3.3707345265545428
5,4,cheb_d12,cheb_d6,chebyshev,6,1.0,,,,776.7058326004055,895.0732374542733,2.706292099652981,3.1187220817222068,574,1671.7790700546789,2.912507090687594
5,4,cheb_d12,cheb_d7,chebyshev,7,1.0,,,,959.8862288564899,1058.75745590911,3.344551320057456,3.689050369021289,574,2018.6436847655998,3.5168008445393726
5,4,cheb_d12,cheb_d8,chebyshev,8,1.0,,,,599.8478234603738,689.4489427202762,2.090062102649386,2.402261124460893,574,1289.2967661806501,2.2461616135551394
5,4,cheb_d12,cheb_d9,chebyshev,9,1.0,,,,484.46161803526394,580.40939442854,1.688019575035763,2.0223323847684322,574,1064.871012463804,1.8551759799020975
5,4,cheb_d12,cheb_d10,chebyshev,10,1.0,,,,546.5190257212172,554.4544816473226,1.9042474763805477,1.931897148596943,574,1100.9735073685397,1.918072312488745
5,4,cheb_d12,cheb_d11,chebyshev,11,1.0,,,,494.9648459681943,536.8589698246483,1.7246161880424888,1.8705887450336176,574,1031.8238157928427,1.7976024665380534
5,4,cheb_d12,cheb_d12,chebyshev,12,1.0,,,,425.9785882354336,555.1908233925415,1.4842459520398383,1.934462799277148,574,981.169411627975,1.709354375658493
5,4,cheb_d12,bernstein_d5,bernstein,5,1.0,,,,878.2425867041518,1056.5590315381546,3.060078699317602,3.6813903537914796,574,1934.8016182423064,3.370734526554541
5,4,cheb_d12,bernstein_d7,bernstein,7,1.0,,,,959.8862288564878,1058.7574559091145,3.344551320057449,3.6890503690213046,574,2018.6436847656023,3.516800844539377
5,4,cheb_d12,bernstein_d9,bernstein,9,1.0,,,,484.4616180352675,580.4093944285438,1.6880195750357754,2.022332384768445,574,1064.8710124638114,1.8551759799021106
5,4,cheb_d12,bernstein_d12,bernstein,12,1.0,,,,425.9785882354549,555.1908233925328,1.4842459520399125,1.934462799277118,574,981.1694116279878,1.7093543756585152
5,4,cheb_d12,spline_s0.5,spline,7,0.5,,,,1188.3799537612724,4796.984340071862,4.140696703000949,16.714231150076174,574,5985.364293833134,10.427463926538561
5,4,cheb_d12,spline_s1,spline,7,1.0,,,,443.39190785423153,10328.83048873994,1.5449195395617823,35.98895640675938,574,10772.222396594172,18.76693797316058
5,4,cheb_d12,spline_s2,spline,7,2.0,,,,933.6267576473194,959.876569119016,3.2530549046944928,3.344517662435596,574,1893.5033267663355,3.2987862835650446
5,8,cheb_d12,cheb_d5,chebyshev,5,1.0,,,,1141.309389170884,1374.638454514576,3.9766877671459375,4.789681026183192,574,2515.94784368546,4.383184396664565
5,8,cheb_d12,cheb_d6,chebyshev,6,1.0,,,,1011.1316432033525,1075.4644316037768,3.5231067707433885,3.7472628278877242,574,2086.5960748071293,3.635184799315556
5,8,cheb_d12,cheb_d7,chebyshev,7,1.0,,,,1226.7936521084757,1372.3893458601183,4.274542341841379,4.781844410662433,574,2599.182997968594,4.528193376251906
5,8,cheb_d12,cheb_d8,chebyshev,8,1.0,,,,747.9634473343618,946.2951545937458,2.60614441579917,3.297195660605386,574,1694.2586019281075,2.951670038202278
5,8,cheb_d12,cheb_d9,chebyshev,9,1.0,,,,542.5487885509515,768.4019283333391,1.8904138973900748,2.677358635307802,574,1310.9507168842906,2.2838862663489383
5,8,cheb_d12,cheb_d10,chebyshev,10,1.0,,,,799.3467419841127,599.0911804263335,2.785180285658929,2.087425715771197,574,1398.4379224104462,2.436303000715063
5,8,cheb_d12,cheb_d11,chebyshev,11,1.0,,,,1175.5020412556491,791.3062970687848,4.095825927720032,2.757164798149076,574,1966.8083383244339,3.4264953629345536
5,8,cheb_d12,cheb_d12,chebyshev,12,1.0,,,,622.12900070871,559.677733028828,2.167696866580871,1.950096630762467,574,1181.806733737538,2.058896748671669
5,8,cheb_d12,bernstein_d5,bernstein,5,1.0,,,,1141.3093891708936,1374.6384545145681,3.976687767145971,4.789681026183164,574,2515.9478436854615,4.383184396664567
5,8,cheb_d12,bernstein_d7,bernstein,7,1.0,,,,1226.79365210847,1372.3893458601203,4.274542341841359,4.7818444106624405,574,2599.1829979685904,4.5281933762519
5,8,cheb_d12,bernstein_d9,bernstein,9,1.0,,,,542.5487885509551,768.4019283333417,1.8904138973900875,2.677358635307811,574,1310.950716884297,2.2838862663489494
5,8,cheb_d12,bernstein_d12,bernstein,12,1.0,,,,622.1290007088553,559.677733028807,2.167696866581377,1.9500966307623937,574,1181.8067337376624,2.0588967486718857
5,8,cheb_d12,spline_s0.5,spline,7,0.5,,,,6521.284324937008,29825.993129928527,22.72224503462372,103.92332101020392,574,36347.277454865536,63.32278302241382
5,8,cheb_d12,spline_s1,spline,7,1.0,,,,713.5447903627091,1173083.6144877104,2.4862187817516,4087.399353615716,574,1173797.159278073,2044.9427861987338
5,8,cheb_d12,spline_s2,spline,7,2.0,,,,1031.826009984116,1580.873910738439,3.5952125783418674,5.508271465987592,574,2612.699920722555,4.55174202216473
5,16,spline_s2,cheb_d5,chebyshev,5,1.0,,,,2421.8271052407454,4619.014873819019,8.438421969479949,16.09412848020564,574,7040.8419790597645,12.266275224842795
5,16,spline_s2,cheb_d6,chebyshev,6,1.0,,,,2241.3646966675965,5108.300498391231,7.809633089434134,17.798956440387563,574,7349.6651950588275,12.80429476491085
5,16,spline_s2,cheb_d7,chebyshev,7,1.0,,,,2580368.8286163257,9548235.639833476,8990.832155457581,33269.113727642776,574,12128604.468449801,21129.972941550175
5,16,spline_s2,cheb_d8,chebyshev,8,1.0,,,,509748126.86218977,9287936.23803727,1776125.8775686054,32362.147170861568,574,519036063.10022706,904244.0123697335
5,16,spline_s2,cheb_d9,chebyshev,9,1.0,,,,1639387.6263754366,1512.7279482425233,5712.152008276782,5.270829087953043,574,1640900.354323679,2858.711418682368
5,16,spline_s2,cheb_d10,chebyshev,10,1.0,,,,2881.725180999388,84668.12039784025,10.040854289196474,295.01087246634233,574,87549.84557883964,152.5258633777694
5,16,spline_s2,cheb_d11,chebyshev,11,1.0,,,,4397.793826261997,16000760.698410828,15.323323436452952,55751.77943697153,574,16005158.49223709,27883.55138020399
5,16,spline_s2,cheb_d12,chebyshev,12,1.0,,,,3.1563623910855087e+22,4.2027927860729665e+22,1.0997778366151598e+20,1.4643877303390128e+20,574,7.3591551771584756e+22,1.2820827834770863e+20
5,16,spline_s2,bernstein_d5,bernstein,5,1.0,,,,2421.8271052407763,4619.014873818986,8.438421969480057,16.094128480205526,574,7040.841979059763,12.266275224842792
5,16,spline_s2,bernstein_d7,bernstein,7,1.0,,,,2580368.828616584,9548235.639833473,8990.832155458482,33269.11372764276,574,12128604.468450056,21129.972941550623
5,16,spline_s2,bernstein_d9,bernstein,9,1.0,,,,1639387.6263749048,1512.7279482424362,5712.152008274929,5.270829087952739,574,1640900.354323147,2858.711418681441
5,16,spline_s2,bernstein_d12,bernstein,12,1.0,,,,3.1563623910852537e+22,4.2027927860732114e+22,1.099777836615071e+20,1.4643877303390981e+20,574,7.3591551771584655e+22,1.2820827834770847e+20
5,16,spline_s2,spline_s0.5,spline,7,0.5,,,,1.659105769147863e+23,1.6591057691558665e+23,5.7808563384942966e+20,5.780856338522183e+20,574,3.3182115383037295e+23,5.7808563385082393e+20
5,16,spline_s2,spline_s1,spline,7,1.0,,,,1.0639130675662218e+17,1.659105769147863e+23,370701417270460.56,5.7808563384942966e+20,574,1.6591068330609306e+23,2.8904300227542345e+20
5,16,spline_s2,spline_s2,spline,7,2.0,,,,1150.3683255620954,5581.5852126322525,4.008252005442841,19.448032099763946,574,6731.953538194348,11.728142052603394
5,24,spline_s2,cheb_d5,chebyshev,5,1.0,,,,4326.902750675525,8670.622568282704,15.076316204444337,30.211228460915347,574,12997.525318958229,22.64377233267984
5,24,spline_s2,cheb_d6,chebyshev,6,1.0,,,,9135.794796524353,21150.87981888286,31.83203761855175,73.69644536196118,574,30286.67461540721,52.76424149025646
5,24,spline_s2,cheb_d7,chebyshev,7,1.0,,,,3249928.6887402125,3167529.3324568816,11323.793340558232,11036.687569536172,574,6417458.021197094,11180.240455047202
5,24,spline_s2,cheb_d8,chebyshev,8,1.0,,,,106923437.9057501,2648299.92470949,372555.53277264844,9227.52587006791,574,109571737.83045958,190891.52932135816
5,24,spline_s2,cheb_d9,chebyshev,9,1.0,,,,2199833.5828594393,1436.6861835761833,7664.925375816862,5.0058752040982,574,2201270.2690430153,3834.9656255104796
5,24,spline_s2,cheb_d10,chebyshev,10,1.0,,,,2193705.31386972,1325063.1518881186,7643.572522194146,4616.944780097974,574,3518768.4657578385,6130.25865114606
5,24,spline_s2,cheb_d11,chebyshev,11,1.0,,,,17942.760691009877,35984350636.31231,62.51832993383232,125381012.67007773,574,35984368579.073,62690537.59420383
5,24,spline_s2,cheb_d12,chebyshev,12,1.0,,,,2.226020514328664e+22,3.1820887349383666e+22,7.756169039472697e+19,1.10874171949072e+20,574,5.40810924926703e+22,9.421793117189947e+19
5,24,spline_s2,bernstein_d5,bernstein,5,1.0,,,,4326.90275067545,8670.622568282779,15.076316204444076,30.211228460915606,574,12997.525318958229,22.64377233267984
5,24,spline_s2,bernstein_d7,bernstein,7,1.0,,,,3249928.6887405263,3167529.3324568714,11323.793340559325,11036.687569536138,574,6417458.021197397,11180.240455047731
5,24,spline_s2,bernstein_d9,bernstein,9,1.0,,,,2199833.582858888,1436.6861835762688,7664.925375814941,5.005875204098498,574,2201270.2690424644,3834.96562550952
5,24,spline_s2,bernstein_d12,bernstein,12,1.0,,,,2.2260205143337877e+22,3.1820887349378507e+22,7.75616903949055e+19,1.1087417194905403e+20,574,5.408109249271639e+22,9.421793117197977e+19
5,24,spline_s2,spline_s0.5,spline,7,0.5,,,,1.659105769147863e+23,1.659105769147863e+23,5.7808563384942966e+20,5.7808563384942966e+20,574,3.318211538295726e+23,5.7808563384942966e+20
5,24,spline_s2,spline_s1,spline,7,1.0,,,,300687.9312896284,59269.98511049823,1047.6931403819804,206.51562756271161,574,359957.9164001266,627.104383972346
5,24,spline_s2,spline_s2,spline,7,2.0,,,,1736.8431727027457,3966.513649362895,6.051718371786571,13.82060505004493,574,5703.356822065641,9.93616171091575
5,32,spline_s2,cheb_d5,chebyshev,5,1.0,,,,4867.228600416957,7135.212814995652,16.95898467044236,24.86136869336464,574,12002.44141541261,20.9101766819035
5,32,spline_s2,cheb_d6,chebyshev,6,1.0,,,,2294.345149770965,19669.313465256695,7.994233971327404,68.53419325873413,574,21963.65861502766,38.26421361503077
5,32,spline_s2,cheb_d7,chebyshev,7,1.0,,,,2335370.037849806,149875188516.84613,8137.1778322292885,522213200.40712935,574,149877523886.88397,261110668.7924808
5,32,spline_s2,cheb_d8,chebyshev,8,1.0,,,,265597230.52911523,2357758.734936466,925425.8903453492,8215.187229743784,574,267954989.2640517,466820.5387875465
5,32,spline_s2,cheb_d9,chebyshev,9,1.0,,,,715213.7403110518,10044.744139454448,2492.0339383660344,34.99910849984128,574,725258.4844505063,1263.5165234329377
5,32,spline_s2,cheb_d10,chebyshev,10,1.0,,,,7.297042753555596e+22,4.440346899004911e+22,2.542523607510661e+20,1.547159198259551e+20,574,1.1737389652560507e+23,2.0448414028851056e+20
5,32,spline_s2,cheb_d11,chebyshev,11,1.0,,,,705380.1291487429,8.531913624690534e+22,2457.7704848388253,2.9727922037249245e+20,574,8.531913624690534e+22,1.4863961018624623e+20
5,32,spline_s2,cheb_d12,chebyshev,12,1.0,,,,9.626199181297486e+22,1.262194373565302e+23,3.354076369790065e+20,4.3978898033634214e+20,574,2.2248142916950507e+23,3.875983086576743e+20
5,32,spline_s2,bernstein_d5,bernstein,5,1.0,,,,4867.228600417009,7135.212814995811,16.95898467044254,24.861368693365193,574,12002.44141541282,20.91017668190387
5,32,spline_s2,bernstein_d7,bernstein,7,1.0,,,,2335370.037849851,149875188516.87036,8137.177832229446,522213200.4072138,574,149877523886.9082,261110668.792523
5,32,spline_s2,bernstein_d9,bernstein,9,1.0,,,,715213.7403107897,10044.744139453689,2492.033938365121,34.99910849983864,574,725258.4844502434,1263.5165234324797
5,32,spline_s2,bernstein_d12,bernstein,12,1.0,,,,9.626199181297167e+22,1.262194373565346e+23,3.3540763697899536e+20,4.397889803363575e+20,574,2.2248142916950628e+23,3.875983086576764e+20
5,32,spline_s2,spline_s0.5,spline,7,0.5,,,,1.659105769147863e+23,3.318211538295726e+23,5.7808563384942966e+20,1.1561712676988593e+21,574,4.9773173074435895e+23,8.671284507741445e+20
5,32,spline_s2,spline_s1,spline,7,1.0,,,,525496.1826031818,1187327980.691297,1830.9971519274627,4137031.291607307,574,1187853476.8739002,2069431.144379617
5,32,spline_s2,spline_s2,spline,7,2.0,,,,2652.605496674915,2256.029477429044,9.242527862978797,7.860729886512349,574,4908.634974103959,8.551628874745575
7,1,bernstein_d12,cheb_d5,chebyshev,5,1.0,,,,801.2988362439609,929.4043466270103,2.791982007818679,3.238342671174252,574,1730.7031828709712,3.0151623394964657
7,1,bernstein_d12,cheb_d6,chebyshev,6,1.0,,,,740.0551427846374,833.5456447161058,2.5785893476816635,2.9043402254916577,574,1573.600787500743,2.7414647865866604
7,1,bernstein_d12,cheb_d7,chebyshev,7,1.0,,,,820.1112275437575,842.3496471485408,2.857530409560131,2.9350161921551945,574,1662.4608746922984,2.8962733008576627
7,1,bernstein_d12,cheb_d8,chebyshev,8,1.0,,,,566.2827612182276,579.3730437909148,1.9731106662656015,2.0187214069369857,574,1145.6558050091426,1.9959160366012936
7,1,bernstein_d12,cheb_d9,chebyshev,9,1.0,,,,431.49271173771587,511.4188412598305,1.5034589259153863,1.7819471820900017,574,942.9115529975463,1.642703054002694
7,1,bernstein_d12,cheb_d10,chebyshev,10,1.0,,,,436.32506177445896,472.5341724773128,1.520296382489404,1.6464605312798355,574,908.8592342517718,1.5833784568846199
7,1,bernstein_d12,cheb_d11,chebyshev,11,1.0,,,,406.6360778441148,476.79928302296344,1.4168504454498774,1.661321543634019,574,883.4353608670783,1.5390859945419484
7,1,bernstein_d12,cheb_d12,chebyshev,12,1.0,,,,362.5696405779446,465.063444422239,1.2633088521879603,1.620430119938115,574,827.6330850001837,1.4418694860630377
7,1,bernstein_d12,bernstein_d5,bernstein,5,1.0,,,,801.2988362439576,929.4043466270101,2.7919820078186675,3.238342671174251,574,1730.7031828709678,3.0151623394964595
7,1,bernstein_d12,bernstein_d7,bernstein,7,1.0,,,,820.1112275437586,842.3496471485422,2.8575304095601344,2.9350161921551994,574,1662.4608746923009,2.896273300857667
7,1,bernstein_d12,bernstein_d9,bernstein,9,1.0,,,,431.4927117377097,511.41884125982847,1.503458925915365,1.7819471820899946,574,942.9115529975381,1.6427030540026797
7,1,bernstein_d12,bernstein_d12,bernstein,12,1.0,,,,362.5696405779406,465.0634444222367,1.2633088521879463,1.620430119938107,574,827.6330850001773,1.4418694860630266
7,1,bernstein_d12,spline_s0.5,spline,7,0.5,,,,454.9896096681433,725.3531617284048,1.5853296504116492,2.5273629328515845,574,1180.342771396548,2.0563462916316166
7,1,bernstein_d12,spline_s1,spline,7,1.0,,,,363.18120387397363,497.94942880414294,1.2654397347525213,1.7350154313733204,574,861.1306326781166,1.500227583062921
7,1,bernstein_d12,spline_s2,spline,7,2.0,,,,928.7785559062103,805.6365942831393,3.236162215701081,2.8070961473280116,574,1734.4151501893496,3.0216291815145464
7,2,bernstein_d12,cheb_d5,chebyshev,5,1.0,,,,808.8511488241614,947.3738422328537,2.818296685798472,3.3009541541214413,574,1756.2249910570151,3.0596254199599566
7,2,bernstein_d12,cheb_d6,chebyshev,6,1.0,,,,737.4907173596284,838.7037927204057,2.569654067455151,2.9223128666216227,574,1576.194510080034,2.745983467038387
7,2,bernstein_d12,cheb_d7,chebyshev,7,1.0,,,,840.8265828321603,876.452247106447,2.9297093478472482,3.0538405822524286,574,1717.2788299386073,2.9917749650498386
7,2,bernstein_d12,cheb_d8,chebyshev,8,1.0,,,,578.9059856976995,589.9155543053173,2.0170940268212525,2.055454893049886,574,1168.8215400030167,2.0362744599355693
7,2,bernstein_d12,cheb_d9,chebyshev,9,1.0,,,,461.6593054392216,530.1463480481875,1.60856900849903,1.8471998189832317,574,991.8056534874091,1.7278844137411309
7,2,bernstein_d12,cheb_d10,chebyshev,10,1.0,,,,474.23665344929253,479.16538967812295,1.6523925207292423,1.6695658176938082,574,953.4020431274155,1.6609791692115252
7,2,bernstein_d12,cheb_d11,chebyshev,11,1.0,,,,442.56076227299286,480.1040303746583,1.5420235619268043,1.6728363427688442,574,922.6647926476512,1.6074299523478244
7,2,bernstein_d12,cheb_d12,chebyshev,12,1.0,,,,377.9669571281696,475.91916146904094,1.3169580387741102,1.6582549180105957,574,853.8861185972105,1.4876064783923528
7,2,bernstein_d12,bernstein_d5,bernstein,5,1.0,,,,808.8511488241634,947.3738422328637,2.8182966857984786,3.3009541541214764,574,1756.2249910570272,3.0596254199599775
7,2,bernstein_d12,bernstein_d7,bernstein,7,1.0,,,,840.8265828321605,876.4522471064523,2.929709347847249,3.0538405822524473,574,1717.278829938613,2.9917749650498484
7,2,bernstein_d12,bernstein_d9,bernstein,9,1.0,,,,461.65930543922485,530.1463480481841,1.6085690084990414,1.84719981898322,574,991.805653487409,1.7278844137411307
7,2,bernstein_d12,bernstein_d12,bernstein,12,1.0,,,,377.96695712816586,475.9191614690432,1.3169580387740971,1.6582549180106037,574,853.8861185972091,1.4876064783923504
7,2,bernstein_d12,spline_s0.5,spline,7,0.5,,,,806.9726121668748,16732.245952846588,2.811751261905487,58.30050854650379,574,17539.218565013463,30.55612990420464
7,2,bernstein_d12,spline_s1,spline,7,1.0,,,,384.6193774194095,690.6175863240999,1.3401372035519494,2.4063330533940763,574,1075.2369637435095,1.873235128473013
7,2,bernstein_d12,spline_s2,spline,7,2.0,,,,921.732236765591,947.3386041594242,3.211610581064777,3.3008313733777848,574,1869.070840925015,3.2562209772212807
7,4,bernstein_d12,cheb_d5,chebyshev,5,1.0,,,,895.9579308761952,1139.1778629931723,3.1218046371992862,3.9692608466661055,574,2035.1357938693675,3.545532741932696
7,4,bernstein_d12,cheb_d6,chebyshev,6,1.0,,,,809.4316530007411,912.2369130120759,2.820319348434638,3.178525829310369,574,1721.6685660128169,2.9994225888725032
7,4,bernstein_d12,cheb_d7,chebyshev,7,1.0,,,,963.3927897876238,1149.7850637914605,3.3567693023959015,4.006219734465019,574,2113.1778535790845,3.6814945184304606
7,4,bernstein_d12,cheb_d8,chebyshev,8,1.0,,,,586.3823847797714,672.8092775731589,2.0431441978389246,2.3442831971190206,574,1259.1916623529303,2.1937136974789726
7,4,bernstein_d12,cheb_d9,chebyshev,9,1.0,,,,515.0903739113809,580.3431409000261,1.7947399787852993,2.0221015362370247,574,1095.433514811407,1.9084207575111618
7,4,bernstein_d12,cheb_d10,chebyshev,10,1.0,,,,547.1218256809226,555.3742230255734,1.906347824672204,1.9351018223887575,574,1102.496048706496,1.9207248235304806
7,4,bernstein_d12,cheb_d11,chebyshev,11,1.0,,,,516.3266789788638,540.4897160105279,1.7990476619472606,1.883239428608111,574,1056.8163949893917,1.8411435452776859
7,4,bernstein_d12,cheb_d12,chebyshev,12,1.0,,,,424.57924437073194,565.780141490367,1.479370189445059,1.9713593780152159,574,990.3593858610989,1.7253647837301374
7,4,bernstein_d12,bernstein_d5,bernstein,5,1.0,,,,895.9579308761984,1139.1778629931787,3.1218046371992973,3.9692608466661277,574,2035.135793869377,3.5455327419327127
7,4,bernstein_d12,bernstein_d7,bernstein,7,1.0,,,,963.3927897876215,1149.7850637914562,3.3567693023958936,4.006219734465004,574,2113.1778535790777,3.681494518430449
7,4,bernstein_d12,bernstein_d9,bernstein,9,1.0,,,,515.0903739113821,580.343140900023,1.7947399787853036,2.0221015362370136,574,1095.433514811405,1.9084207575111587
7,4,bernstein_d12,bernstein_d12,bernstein,12,1.0,,,,424.5792443707311,565.7801414903372,1.4793701894450562,1.9713593780151122,574,990.3593858610683,1.725364783730084
7,4,bernstein_d12,spline_s0.5,spline,7,0.5,,,,80387.51879030696,6720.639759305535,280.0958842867838,23.416863272841585,574,87108.15854961249,151.7563737798127
7,4,bernstein_d12,spline_s1,spline,7,1.0,,,,434.67054845871604,676.8497050650064,1.5145315277307179,2.358361341689918,574,1111.5202535237224,1.9364464347103179
7,4,bernstein_d12,spline_s2,spline,7,2.0,,,,941.2114911587391,1174.4595971135523,3.2794825475914258,4.092193718165687,574,2115.6710882722914,3.6858381328785566
7,8,cheb_d12,cheb_d5,chebyshev,5,1.0,,,,1131.4751637235556,1432.6683922887155,3.942422173252807,4.991875931319566,574,2564.143556012271,4.467149052286186
7,8,cheb_d12,cheb_d6,chebyshev,6,1.0,,,,1100.1870596698311,1163.0914857247144,3.8334043890934884,4.052583573953709,574,2263.2785453945453,3.942993981523598
7,8,cheb_d12,cheb_d7,chebyshev,7,1.0,,,,1302.9234574334787,1438.8182736859417,4.539802987573096,5.013304089498055,574,2741.7417311194204,4.776553538535576
7,8,cheb_d12,cheb_d8,chebyshev,8,1.0,,,,766.5801898154168,1007.4633394820694,2.6710111143394313,3.5103252246762,574,1774.0435292974862,3.0906681695078158
7,8,cheb_d12,cheb_d9,chebyshev,9,1.0,,,,552.2382046078175,777.6970591602474,1.924174928947099,2.709745850732569,574,1329.935263768065,2.3169603898398345
7,8,cheb_d12,cheb_d10,chebyshev,10,1.0,,,,767.3715590355902,548.9985515019862,2.6737684983818473,1.9128869390313108,574,1316.3701105375762,2.293327718706579
7,8,cheb_d12,cheb_d11,chebyshev,11,1.0,,,,1184.2125663671911,749.7788865741335,4.126176189432722,2.6124699880631828,574,1933.9914529413245,3.369323088747952
7,8,cheb_d12,cheb_d12,chebyshev,12,1.0,,,,663.7600651272804,558.9415429921632,2.31275284016474,1.9475315086834957,574,1222.7016081194438,2.130142174424118
7,8,cheb_d12,bernstein_d5,bernstein,5,1.0,,,,1131.4751637235586,1432.6683922887037,3.9424221732528175,4.991875931319525,574,2564.1435560122623,4.467149052286171
7,8,cheb_d12,bernstein_d7,bernstein,7,1.0,,,,1302.9234574334848,1438.8182736859453,4.539802987573118,5.013304089498067,574,2741.7417311194304,4.776553538535593
7,8,cheb_d12,bernstein_d9,bernstein,9,1.0,,,,552.2382046078095,777.697059160224,1.9241749289470715,2.7097458507324874,574,1329.9352637680336,2.31696038983978
7,8,cheb_d12,bernstein_d12,bernstein,12,1.0,,,,663.7600651273191,558.9415429921808,2.3127528401648747,1.9475315086835567,574,1222.7016081194997,2.1301421744242157
7,8,cheb_d12,spline_s0.5,spline,7,0.5,,,,5878.173487653943,38181.08080759806,20.481440723532902,133.03512476515004,574,44059.254295252,76.75828274434147
7,8,cheb_d12,spline_s1,spline,7,1.0,,,,773.9252695206453,22120.624473253356,2.696603726552771,77.07534659670159,574,22894.549742774,39.88597516162718
7,8,cheb_d12,spline_s2,spline,7,2.0,,,,1119.5954438751842,1531.8922268512347,3.9010294211678893,5.337603577878866,574,2651.487670726419,4.619316499523378
7,16,bernstein_d5,cheb_d5,chebyshev,5,1.0,,,,1974.8342921318178,4523.343100936749,6.880955721713651,15.76077735518031,574,6498.177393068567,11.32086653844698
7,16,bernstein_d5,cheb_d6,chebyshev,6,1.0,,,,1991.0782113766427,4518.845287547291,6.937554743472623,15.745105531523663,574,6509.923498923934,11.341330137498142
7,16,bernstein_d5,cheb_d7,chebyshev,7,1.0,,,,3577649.033212689,7702504.003929981,12465.676073911809,26837.993045052197,574,11280153.03714267,19651.834559482002
7,16,bernstein_d5,cheb_d8,chebyshev,8,1.0,,,,306191724.93095535,6394081.107206425,1066870.1217106457,22279.02824810601,574,312585806.03816175,544574.5749793759
7,16,bernstein_d5,cheb_d9,chebyshev,9,1.0,,,,1884609.9417825572,1410.9665723737974,6566.585163005426,4.916259834055043,574,1886020.908354931,3285.7507114197406
7,16,bernstein_d5,cheb_d10,chebyshev,10,1.0,,,,2803.1320320238474,93718.09333961578,9.767010564543023,326.5438792321107,574,96521.22537163962,168.15544489832686
7,16,bernstein_d5,cheb_d11,chebyshev,11,1.0,,,,5973.997195283527,174722235.3106321,20.815321237921697,608788.2763436659,574,174728209.30782738,304404.5458324519
7,16,bernstein_d5,cheb_d12,chebyshev,12,1.0,,,,3.1393860230700083e+22,4.25212514488078e+22,1.0938627258083652e+20,1.481576705533373e+20,574,7.391511167950788e+22,1.287719715670869e+20
7,16,bernstein_d5,bernstein_d5,bernstein,5,1.0,,,,1974.8342921318404,4523.343100936689,6.88095572171373,15.7607773551801,574,6498.1773930685285,11.320866538446914
7,16,bernstein_d5,bernstein_d7,bernstein,7,1.0,,,,3577649.03321258,7702504.003929828,12465.676073911427,26837.993045051666,574,11280153.037142407,19651.834559481547
7,16,bernstein_d5,bernstein_d9,bernstein,9,1.0,,,,1884609.9417821185,1410.9665723738362,6566.585163003897,4.916259834055179,574,1886020.9083544924,3285.750711418976
7,16,bernstein_d5,bernstein_d12,bernstein,12,1.0,,,,3.1393860230702487e+22,4.25212514488024e+22,1.093862725808449e+20,1.4815767055331846e+20,574,7.391511167950489e+22,1.2877197156708168e+20
7,16,bernstein_d5,spline_s0.5,spline,7,0.5,,,,1.659105769147863e+23,152381290612906.25,5.7808563384942966e+20,530945263459.60364,574,1.659105770671676e+23,2.8904281719018743e+20
7,16,bernstein_d5,spline_s1,spline,7,1.0,,,,49454.85048001877,3.9583837951865565e+22,172.31655219518737,1.3792278032008908e+20,574,3.9583837951865565e+22,6.896139016004454e+19
7,16,bernstein_d5,spline_s2,spline,7,2.0,,,,1330.5121531021355,6649.877287285994,4.635930847045768,23.170304136884994,574,7980.3894403881295,13.903117491965382
7,24,spline_s2,cheb_d5,chebyshev,5,1.0,,,,3202.1365952166057,8386.490771283821,11.157270366608381,29.221222199595196,574,11588.627366500426,20.189246283101788
7,24,spline_s2,cheb_d6,chebyshev,6,1.0,,,,9280.984913038455,21993.900276620854,32.33792652626639,76.63379887324339,574,31274.88518965931,54.4858626997549
7,24,spline_s2,cheb_d7,chebyshev,7,1.0,,,,2375367.073120607,6545326.061589871,8276.540324462045,22806.01415188108,574,8920693.134710478,15541.277238171564
7,24,spline_s2,cheb_d8,chebyshev,8,1.0,,,,121815993.22619677,2472735.3649446564,424445.96942925703,8615.80266531239,574,124288728.59114142,216530.8860472847
7,24,spline_s2,cheb_d9,chebyshev,9,1.0,,,,6846322.372961826,805.5105268051775,23854.781787323434,2.806656887822918,574,6847127.883488631,11928.79422210563
7,24,spline_s2,cheb_d10,chebyshev,10,1.0,,,,63183198.30964874,1501013.5945611487,220150.51675835796,5230.012524603306,574,64684211.90420989,112690.26464148064
7,24,spline_s2,cheb_d11,chebyshev,11,1.0,,,,11712.05568604388,2168801.7257885095,40.808556397365436,7556.80043828749,574,2180513.7814745535,3798.8044973424276
7,24,spline_s2,cheb_d12,chebyshev,12,1.0,,,,3.369795836546957e+22,5.471041566983873e+22,1.1741448907829119e+20,1.9062862602731264e+20,574,8.84083740353083e+22,1.540215575528019e+20
7,24,spline_s2,bernstein_d5,bernstein,5,1.0,,,,3202.136595216646,8386.490771283836,11.157270366608524,29.221222199595246,574,11588.627366500481,20.189246283101884
7,24,spline_s2,bernstein_d7,bernstein,7,1.0,,,,2375367.0731206257,6545326.061590136,8276.54032446211,22806.014151882006,574,8920693.134710763,15541.27723817206
7,24,spline_s2,bernstein_d9,bernstein,9,1.0,,,,6846322.372959413,805.5105268051649,23854.781787315027,2.806656887822874,574,6847127.883486218,11928.794222101425
7,24,spline_s2,bernstein_d12,bernstein,12,1.0,,,,3.3697958365504066e+22,5.471041566979361e+22,1.1741448907841138e+20,1.9062862602715542e+20,574,8.840837403529768e+22,1.5402155755278343e+20
7,24,spline_s2,spline_s0.5,spline,7,0.5,,,,1.659105769147863e+23,1.659105769147863e+23,5.7808563384942966e+20,5.7808563384942966e+20,574,3.318211538295726e+23,5.7808563384942966e+20
7,24,spline_s2,spline_s1,spline,7,1.0,,,,25776210928.553116,205821314019.66406,89812581.63258925,717147435.6085856,574,231597524948.21716,403480008.6205874
7,24,spline_s2,spline_s2,spline,7,2.0,,,,2143.0076242623127,3516.3357721716666,7.466925520077744,12.252041018019744,574,5659.343396433979,9.859483269048745
7,32,cheb_d5,cheb_d5,chebyshev,5,1.0,,,,1652.6786301312686,4043.7444229729417,5.758462125892922,14.089701822205372,574,5696.42305310421,9.924081974049146
7,32,cheb_d5,cheb_d6,chebyshev,6,1.0,,,,12699.292725394023,71034.80872999529,44.24840670868998,247.50804435538427,574,83734.10145538932,145.87822553203713
7,32,cheb_d5,cheb_d7,chebyshev,7,1.0,,,,3546864.2058979254,4907361101.745618,12358.411867240158,17098819.169845358,574,4910907965.951516,8555588.7908563
7,32,cheb_d5,cheb_d8,chebyshev,8,1.0,,,,405311708.09835654,6574851.264757727,1412235.9167190124,22908.889424242952,574,411886559.3631143,717572.4030716277
7,32,cheb_d5,cheb_d9,chebyshev,9,1.0,,,,2177312.649698507,19768.42007025046,7586.455225430338,68.87951243989707,574,2197081.0697687576,3827.667368935118
7,32,cheb_d5,cheb_d10,chebyshev,10,1.0,,,,4.2173414103889566e+22,4.685832821333385e+22,1.4694569374177549e+20,1.632694362833932e+20,574,8.903174231722341e+22,1.5510756501258433e+20
7,32,cheb_d5,cheb_d11,chebyshev,11,1.0,,,,82452.29286787668,34676669.14625686,287.2902190518351,120824.63117162668,574,34759121.43912473,60555.96069533926
7,32,cheb_d5,cheb_d12,chebyshev,12,1.0,,,,1.63033164485385e+23,2.002634542249118e+23,5.6805980656928575e+20,6.977820704700759e+20,574,3.632966187102968e+23,6.329209385196808e+20
7,32,cheb_d5,bernstein_d5,bernstein,5,1.0,,,,1652.6786301313061,4043.744422972917,5.758462125893053,14.089701822205287,574,5696.423053104223,9.92408197404917
7,32,cheb_d5,bernstein_d7,bernstein,7,1.0,,,,3546864.2058978025,4907361101.745533,12358.41186723973,17098819.169845063,574,4910907965.95143,8555588.79085615
7,32,cheb_d5,bernstein_d9,bernstein,9,1.0,,,,2177312.649697606,19768.420070253494,7586.4552254271985,68.87951243990764,574,2197081.0697678593,3827.667368933553
7,32,cheb_d5,bernstein_d12,bernstein,12,1.0,,,,1.6303316448539984e+23,2.0026345422488716e+23,5.6805980656933745e+20,6.977820704699902e+20,574,3.63296618710287e+23,6.329209385196637e+20
7,32,cheb_d5,spline_s0.5,spline,7,0.5,,,,1.659105769147863e+23,3.318211538295726e+23,5.7808563384942966e+20,1.1561712676988593e+21,574,4.9773173074435895e+23,8.671284507741445e+20
7,32,cheb_d5,spline_s1,spline,7,1.0,,,,878525311.0132146,3869471.1625589603,3061063.801439772,13482.477918323902,574,882394782.1757735,1537273.139679048
7,32,cheb_d5,spline_s2,spline,7,2.0,,,,3399.080539669389,4742.851805091187,11.843486200938639,16.52561604561389,574,8141.932344760577,14.184551123276266
