label,model,search,omega,amplitude,phase,delta_chi2,local_p_chi2_2dof,c0,cos_coeff,sin_coeff
H2,cheb_d7,0.5:80:3000,6.597032344114704,0.9727340582087596,-1.997301354914534,128.5865183541115,1.1961683742647628e-28,0.05414896614519226,-0.40241176607974255,-0.8855937660800606
H2,cheb_d7,3.1:80:1000,6.563963963963964,0.9719252900689751,-2.128489253085053,128.5604205454133,1.2118793435033293e-28,0.06441619542180764,-0.5143721243071304,-0.8246575575421785
H2,cheb_d7,5:9:1001,6.588,0.9725916527653691,-2.0331080040133154,128.59389134296657,1.1917668243481002e-28,0.05692013347675403,-0.43379367854629247,-0.870492715352718
H2,cheb_d7,0.5:160:4000,6.6024006001500375,0.9727908747972499,-1.9760281485086413,128.57699319906328,1.2018788062729194e-28,0.05251503805738118,-0.38350511478814464,-0.8940055441775128
H2,cheb_d7,fixed_control,3.5129129129129133,0.3863849487246126,2.609543452157455,22.33663129226602,1.4114390952666087e-05,0.07931489029725902,-0.3329746945331498,0.19601321741524752
H2,cheb_d7,fixed_control,7.025825825825827,0.9368149217260264,-0.30600431407727013,118.94119682705798,1.4867819278703426e-26,-0.02053735872179125,0.8932950748436869,-0.28221641842485506
H2,cheb_d7,fixed_control,14.051651651651653,0.3129167082969671,2.9570067352162774,13.285628525101743,0.0013033540970351328,0.05673805763045452,-0.3076009841582884,0.05743257678584178
H2,cheb_d7,fixed_control,6.025825825825827,0.9414159629782448,1.9533180629610043,118.60665319179054,1.7574885362994045e-26,0.20813143936464498,-0.35139399062171983,0.8733763671551908
H2,cheb_d7,fixed_control,8.025825825825827,0.5226584397400089,-2.8033283075918636,40.48804100902646,1.6148552633361312e-09,0.11012455296473034,-0.49304046442509064,-0.17344435727619237
H2,cheb_d7,fixed_control,9.7,0.27503730659774533,-2.279018036203073,10.932960053185525,0.00422608170287401,0.10000512270618762,-0.17890740950557976,-0.20889628729239051
H2,cheb_d7,linear_mass_2to50cycles,0.2779095043487077,0.9511232401790725,-3.108992280973116,109.5974091202446,1.5893699371184405e-24,0.14951988328563937,-0.9506178655191234,-0.031001480038916406
H2,cheb_d12,0.5:80:3000,28.519839946648883,0.2703595458243868,-1.6397988081373334,10.663103983527776,0.004836557886372863,-0.13034044943372752,-0.018640678852787734,-0.26971616397664405
H2,cheb_d12,3.1:80:1000,28.502402402402407,0.27034115769112327,-1.6915500967693373,10.664113711674986,0.004834116698342041,-0.1306549570809832,-0.03256543712217306,-0.2683725653766021
H2,cheb_d12,5:9:1001,7.772,0.14014325111085071,-0.17029735445146757,2.726533289963129,0.2558237252343011,-0.14078241576087241,0.13811599716974624,-0.023750834884812187
H2,cheb_d12,0.5:160:4000,122.58789697424355,0.31926291946196694,0.11510331826287579,14.582165746816258,0.0006815895777620552,-0.13052312393678114,0.31715033232697815,0.03666713035220655
H2,cheb_d12,fixed_control,3.5129129129129133,0.0284417305081348,0.9552995622380538,0.11243294868108933,0.9453344730824177,-0.1301129827714522,0.01642123684431657,0.02322229564018652
H2,cheb_d12,fixed_control,7.025825825825827,0.09502136665646493,-2.3449138718676332,1.2333395576897033,0.5397388978573752,-0.12346315064946348,-0.06642804618588306,-0.0679439092280429
H2,cheb_d12,fixed_control,14.051651651651653,0.00768924905191539,1.893536959504612,0.008481938446436743,0.9957680109873402,-0.13162891550928246,-0.0024387751438788687,0.007292251146249718
H2,cheb_d12,fixed_control,6.025825825825827,0.006057532406029593,-2.281811076509513,0.004765464424224319,0.9976201042410018,-0.13252344531316013,-0.003953163716489175,-0.004589792531338661
H2,cheb_d12,fixed_control,8.025825825825827,0.13179783093453198,0.5403900820849334,2.537879540394613,0.2811295257287454,-0.1423814048519031,0.1130177024319567,0.06780609984396067
H2,cheb_d12,fixed_control,9.7,0.0861564715882425,1.8816057566176427,1.0585718265077162,0.5890254347923314,-0.14211012520143468,-0.026349180600559546,0.08202839921767785
H2,cheb_d12,linear_mass_2to50cycles,2.0611355069360426,0.22932662150073116,-2.903207678077764,7.088966599357661,0.028883542790532554,-0.1348611858523794,-0.22284140303769817,-0.05415171669605473
H2,spline_s1,0.5:80:3000,78.46248749583194,0.2401318357792194,3.106348745677286,8.252252849257161,0.016145297880311823,-0.1277051739081144,-0.23998271337181823,0.008461432349060358
H2,spline_s1,3.1:80:1000,78.46046046046047,0.24014338756223966,3.100551271744148,8.253161260232673,0.01613796626256969,-0.12770998044157558,-0.23994116778595828,0.009853049851627242
H2,spline_s1,5:9:1001,9.0,0.07409858240693548,0.9101510568505684,0.8238636259304712,0.6623694395203227,-0.1274877699483229,0.04546885248346126,0.05850797696515106
H2,spline_s1,0.5:160:4000,122.58789697424355,0.3086151698945596,0.09780902694868823,13.626394487153448,0.001099172952229861,-0.12588900361405855,0.30714014654132243,0.030137243928781515
H2,spline_s1,fixed_control,3.5129129129129133,0.01981865702619665,1.102014601439728,0.05285241373564986,0.9739199097845264,-0.12588524840315438,0.008954064775780268,0.017680607747279076
H2,spline_s1,fixed_control,7.025825825825827,0.034466073740690446,-2.2883137833526597,0.16383637814288932,0.9213473318938752,-0.12418442294613122,-0.022662003613547914,-0.02596813107095412
H2,spline_s1,fixed_control,14.051651651651653,0.05454032179829621,1.3028660251235182,0.44673008436080863,0.7998228269288772,-0.12425921186988306,0.01443879491122621,0.05259437140391786
H2,spline_s1,fixed_control,6.025825825825827,0.013972098625835648,-2.6452669909217423,0.02770449117303997,0.9862432552916073,-0.12832404814923307,-0.01228620012676148,-0.006653482280373533
H2,spline_s1,fixed_control,8.025825825825827,0.04183046340900008,-0.7569336826840234,0.24800624696393925,0.8833770816660548,-0.12544162127669053,0.030408448382405716,-0.028724796535158643
H2,spline_s1,fixed_control,9.7,0.07753572872373347,2.140274824077096,0.8434166710495106,0.6559253216116994,-0.13545214435758407,-0.041806716108756206,0.06529921681706644
H2,spline_s1,linear_mass_2to50cycles,2.058577076516262,0.2795096149569246,-3.140688108444864,10.610483622138418,0.0049654973710249245,-0.1258707054488429,-0.2795095006092807,-0.00025282903069274055
H2,spline_s2,0.5:80:3000,3.0448482827609205,1.1958557087185095,1.5542936738912874,200.13880197117578,3.470654198964317e-44,0.145971976028565,0.019733895941832946,1.1956928742054147
H2,spline_s2,3.1:80:1000,3.1,1.1798892274720416,1.7195388758020314,199.60349685884512,4.5357736406052e-44,0.12746013740081835,-0.17485331061032205,1.1668611352141185
H2,spline_s2,5:9:1001,5.416,1.1843068084503718,-0.12152156512890885,178.38409027027012,1.838175478007281e-39,0.15161129686156335,1.1755729445517302,-0.1435648584434245
H2,spline_s2,0.5:160:4000,3.052638159539885,1.1939761509019842,1.5773576615528115,200.18750848694242,3.387153347969719e-44,0.14336499428527832,-0.0078340210081973,1.1939504499926121
H2,spline_s2,fixed_control,3.5129129129129133,0.9679857709557865,3.079651637918285,149.0151486576575,4.383001396152626e-33,0.016925207696125235,-0.9661294342010547,0.05991968911149719
H2,spline_s2,fixed_control,7.025825825825827,1.1371464579865516,0.1436005411364416,167.24879397236293,4.812667261268642e-37,-0.09423060932521081,1.1254419778509985,0.1627342047702096
H2,spline_s2,fixed_control,14.051651651651653,0.2698697224128347,3.1117001689843247,9.982596008258952,0.006796836442277919,0.01535423618419989,-0.2697491589104194,0.008065875172711734
H2,spline_s2,fixed_control,6.025825825825827,0.8047458998015681,2.180562331355184,91.72180172578089,1.2102185909742554e-20,0.1298232909053484,-0.4608583816725939,0.65971623846132
H2,spline_s2,fixed_control,8.025825825825827,0.3746205507555981,-3.040927711201816,20.967172133383883,2.7992160568365352e-05,0.0505278692071509,-0.3727240573849521,-0.037647497857448114
H2,spline_s2,fixed_control,9.7,0.17984247820756225,3.0657872378998796,4.440441459859358,0.10858513818962023,0.030105105023748795,-0.17932599670915203,0.013619980620643294
H2,spline_s2,linear_mass_2to50cycles,0.29070165644761253,1.0560380510133018,-2.0215946209344464,175.5492626208927,7.585111527026207e-39,0.277981513597673,-0.4600991114662858,-0.9505394115006003
H2,pois_poly12,0.5:80:3000,28.49333111037012,0.2743286250579468,-1.733170109117373,10.98776354855778,0.004111851874243191,0.0008267291660796149,-0.04434829971966589,-0.2707201928895557
H2,pois_poly12,3.1:80:1000,28.502402402402407,0.27435461597117766,-1.7062373173648582,10.988973513153667,0.004109365028972042,0.0009928848898184755,-0.037045356466040916,-0.27184204396854494
H2,pois_poly12,5:9:1001,7.78,0.14691619046182988,-0.14887844878881665,3.001528703117401,0.22295967542615913,-0.00943527467397369,0.1452910121638829,-0.02179194356203929
H2,pois_poly12,0.5:160:4000,122.58789697424355,0.32158648959533054,0.11885823811785524,14.795042995538381,0.0006127696314683719,0.0013918908113347405,0.31931759128186155,0.03813326878458848
H2,pois_poly12,fixed_control,3.5129129129129133,0.00771309426553136,0.48984332029681155,0.00912422622690201,0.9954482775174956,0.0005222442904928373,0.006806085172977738,0.003628915508405417
H2,pois_poly12,fixed_control,7.025825825825827,0.10161350707197728,-2.335537862421349,1.412623410062963,0.49346087444161235,0.008946404949837608,-0.07035216484586043,-0.07332037725603746
H2,pois_poly12,fixed_control,14.051651651651653,0.01749675426545074,2.441269032085074,0.04167364814526309,0.9793787625693389,-0.00031521183270461064,-0.013378607331539082,0.011276048762490231
H2,pois_poly12,fixed_control,6.025825825825827,0.01603905280842499,1.737204063496027,0.032802123223916624,0.9837327035039961,0.0026613299495643512,-0.0026567212994811646,0.015817491802695163
H2,pois_poly12,fixed_control,8.025825825825827,0.13867774171295102,0.5481218905474257,2.8078953410710596,0.24562539934311903,-0.011099941095088354,0.11836210180727648,0.07226291512503406
H2,pois_poly12,fixed_control,9.7,0.09532225105631147,1.9392760247801986,1.291181423741989,0.5243527092346913,-0.01111888621274156,-0.03433484562479537,0.08892384338502213
H2,pois_poly12,linear_mass_2to50cycles,1.4292031932501434,0.2244842506172971,-0.1908185841461286,7.500003399591549,0.023517705880678055,0.0075102000490054515,0.22040970640083735,-0.04257628564713143
G1,cheb_d7,0.5:80:3000,7.392297432477492,1.0336816694024904,1.0874288849998286,144.29149958120206,4.650492766190287e-32,-0.12340943253154664,0.48041746452073597,0.9152578070916342
G1,cheb_d7,3.1:80:1000,7.4107107107107115,1.0316084499279818,1.145566540523337,144.12658743406166,5.050207132479166e-32,-0.12003130593586607,0.4255695525349803,0.9397374898970404
G1,cheb_d7,5:9:1001,7.384,1.0343898805839349,1.0611178750430352,144.31070867152926,4.60604071098499e-32,-0.12491365620735624,0.5046752977256013,0.902920411176989
G1,cheb_d7,0.5:160:4000,7.400100025006251,1.0328871394188823,1.1121063529954454,144.2421555450287,4.766656917400679e-32,-0.12198412976349912,0.4573354402364077,0.9261210168658808
G1,cheb_d7,fixed_control,3.5129129129129133,0.4146273823152252,1.869116634208819,22.11604245841488,1.5760224492193964e-05,-0.0387783519096644,-0.12186525637755738,0.3963139228611684
G1,cheb_d7,fixed_control,7.025825825825827,0.9348331978095672,-0.1568030274297145,115.88074417238386,6.867776028680651e-26,-0.15895286875941542,0.9233642653433118,-0.14598472938587578
G1,cheb_d7,fixed_control,14.051651651651653,0.27080802945258964,3.0527729075372827,10.00820679469848,0.0067103551740565585,-0.07522936228145562,-0.2697405363776707,0.024021487270382894
G1,cheb_d7,fixed_control,6.025825825825827,0.7633256528824172,1.5487451762044473,72.14257754799792,2.1599233045346013e-16,0.06398400273287023,0.016830844835067582,0.7631400756155493
G1,cheb_d7,fixed_control,8.025825825825827,0.7054563751432377,2.9812263564581647,74.06183099062469,8.273280338485043e-17,-0.04280631053651655,-0.696404565167752,0.11264714307851251
G1,cheb_d7,fixed_control,9.7,0.20510415452633265,-2.1473861292218426,6.109686064517405,0.047130118097926756,-0.03746711817872815,-0.11181627356869214,-0.17194427925689515
G1,cheb_d7,linear_mass_2to50cycles,0.2753510739289267,1.0181663497591273,2.899450698519612,118.0504216241859,2.3210080735195583e-26,-0.0420636104003066,-0.98846297420759,0.2441386171880861
G1,cheb_d12,0.5:80:3000,80.0,0.37251926977498623,-2.435484660801047,19.84727576216335,4.9002566627044475e-05,-0.14745343879899778,-0.28344732992053323,-0.24171929487446664
G1,cheb_d12,3.1:80:1000,80.0,0.37251926977498623,-2.435484660801047,19.84727576216335,4.9002566627044475e-05,-0.14745343879899778,-0.28344732992053323,-0.24171929487446664
G1,cheb_d12,5:9:1001,7.976,0.12320275136225459,0.9397283832259318,2.091515713918568,0.3514253882563199,-0.15845871633098288,0.07269052879448708,0.0994736395574595
G1,cheb_d12,0.5:160:4000,80.07051762940735,0.37531089820858865,-2.244997409689446,20.114085470889165,4.288267175409836e-05,-0.14704351316807665,-0.23429660944223374,-0.29319510418492833
G1,cheb_d12,fixed_control,3.5129129129129133,0.051989169142661565,0.8576946410541638,0.38421710979588397,0.8252172822514031,-0.14307554286799964,0.034010421903127516,0.03932130351495913
G1,cheb_d12,fixed_control,7.025825825825827,0.059850322308250214,-1.4380745077160915,0.5517010548369967,0.7589263609660206,-0.14604341482257724,0.007920143446195804,-0.059323961501176865
G1,cheb_d12,fixed_control,14.051651651651653,0.03421387119825574,-2.7529918541340974,0.16734170377816326,0.9197339349665444,-0.14847394953606688,-0.03166288886706581,-0.012963427438863293
G1,cheb_d12,fixed_control,6.025825825825827,0.04452145581589386,-2.305446528293203,0.25879173311113846,0.8786260780124705,-0.15173949266396058,-0.02984396166430254,-0.033037826504572446
G1,cheb_d12,fixed_control,8.025825825825827,0.1226378019647032,1.0789066969247447,2.0826820400614565,0.3529810098232149,-0.15835364589519427,0.05792089317124173,0.10809810638942462
G1,cheb_d12,fixed_control,9.7,0.12267088079723673,2.1185281109410274,2.1140680081613823,0.34748492226618266,-0.15939377883728897,-0.06388112815497748,0.10472509948057918
G1,cheb_d12,linear_mass_2to50cycles,2.043226493997576,0.28018351305521083,-1.378650626964332,11.77165831402499,0.002778541422830836,-0.1682052418244159,0.05350539724956885,-0.2750272231127772
G1,spline_s1,0.5:80:3000,80.0,0.2973021771984822,-2.4179667582097593,12.642325791581072,0.0017978515760881184,-0.14096706594997901,-0.2228012045494804,-0.19684564465148394
G1,spline_s1,3.1:80:1000,80.0,0.2973021771984822,-2.4179667582097593,12.642325791581072,0.0017978515760881184,-0.14096706594997901,-0.2228012045494804,-0.19684564465148394
G1,spline_s1,5:9:1001,5.9,0.021609293982016838,-0.1605606365835742,0.07191937728657649,0.9646791802258756,-0.13913166839316257,0.021331351107144448,-0.0034547136415275298
G1,spline_s1,0.5:160:4000,80.15028757189297,0.3030133263348655,-2.0150333611341367,13.094699537789097,0.001433910761959933,-0.14026006405512742,-0.13022576277027034,-0.2736024975167825
G1,spline_s1,fixed_control,3.5129129129129133,0.007866159920139282,1.588048609241504,0.007835354557926166,0.9960899868069296,-0.13933555789065522,-0.00013570248070267008,0.007864989302340898
G1,spline_s1,fixed_control,7.025825825825827,0.0067063308046748865,-2.7425529318618898,0.005845376107345146,0.9970815788411106,-0.13904424403936472,-0.006179444700919134,-0.0026056354407348985
G1,spline_s1,fixed_control,14.051651651651653,0.015750281069647525,-0.41198499959452156,0.03345920656806811,0.9834095594027696,-0.13902167646262392,0.014432420042068203,-0.006306869707089659
G1,spline_s1,fixed_control,6.025825825825827,0.0214993808843917,0.1691862325379747,0.07026533105437238,0.9654773222029853,-0.13879711423441454,0.021192415210516402,0.0036200712641079836
G1,spline_s1,fixed_control,8.025825825825827,0.011346504780782063,-2.5386519346951135,0.018705649733135488,0.9906907767612482,-0.13880446633122495,-0.009345793677244986,-0.006434229657284379
G1,spline_s1,fixed_control,9.7,0.014224371486004809,2.585198143316226,0.027764109852910224,0.9862138564693335,-0.1407830979885588,-0.012078835372868942,0.007512288613132264
G1,spline_s1,linear_mass_2to50cycles,2.0304343418986712,0.17765965737393835,-2.2549103137200808,4.486872936463783,0.10609329099244957,-0.1514499999285643,-0.11227852599655905,-0.13768255684096362
G1,spline_s2,0.5:80:3000,7.418806268756252,1.1038785624582252,1.242716441158865,163.56873296396896,3.030406793532712e-36,-0.1234392789165982,0.35569828830511674,1.0450007695459598
G1,spline_s2,3.1:80:1000,7.4107107107107115,1.1049634810275952,1.2196817354056162,163.61013897228577,2.968313248379318e-36,-0.12495585576157732,0.38004623463177656,1.0375495910783394
G1,spline_s2,5:9:1001,7.4079999999999995,1.1052899792925457,1.2119532842682892,163.61432495054237,2.962107097989282e-36,-0.12546346856954946,0.3881681196179041,1.0348871673940192
G1,spline_s2,0.5:160:4000,7.400100025006251,1.1061351669865127,1.1893853478952452,163.5986705708874,2.9853830463345347e-36,-0.1269415739061329,0.41173716437482555,1.0266486814469973
G1,spline_s2,fixed_control,3.5129129129129133,0.6085887462232432,2.1585208406919496,50.12046547891475,1.3076129291017201e-11,-0.04290163870960478,-0.3374434658502297,0.506470304543676
G1,spline_s2,fixed_control,7.025825825825827,0.9541326828663784,0.04235730323881198,118.33124216076385,2.0169598187169703e-26,-0.17050018398610456,0.953276886480922,0.04040240357989152
G1,spline_s2,fixed_control,14.051651651651653,0.17318768778699037,2.9708785500347274,4.072620761977419,0.13050935343078565,-0.07429173164234396,-0.17067017993118647,0.029422183522989784
G1,spline_s2,fixed_control,6.025825825825827,0.5969361529436948,1.4333351258270435,43.700245712219726,3.2405014094394474e-10,0.031915411061835444,0.08179738992750452,0.5913052999020607
G1,spline_s2,fixed_control,8.025825825825827,0.7529511072336078,2.8157512191648384,83.60906292119103,6.990732241169494e-19,-0.06021927603366178,-0.7133321102038513,0.24102421130757049
G1,spline_s2,fixed_control,9.7,0.2026302649105242,-2.338097755974241,5.918066120616913,0.05186904717295057,-0.04675854003881657,-0.14066499242547958,-0.14585055421097645
G1,spline_s2,linear_mass_2to50cycles,0.2804679347684887,0.9565561573988641,-2.9955474295400064,114.48178471485323,1.3822809090985488e-25,0.03256305051351433,-0.9463729842679002,-0.13920437100015678
G1,pois_poly12,0.5:80:3000,80.0,0.3791034937677141,-2.4366962266171037,20.554984928525812,3.4398676634132884e-05,-0.0012208516829436248,-0.28875504359940135,-0.24564198294020317
G1,pois_poly12,3.1:80:1000,80.0,0.3791034937677141,-2.4366962266171037,20.554984928525812,3.4398676634132884e-05,-0.0012208516829436248,-0.28875504359940135,-0.24564198294020317
G1,pois_poly12,5:9:1001,7.992,0.1357853624962357,1.0508928970862212,2.5306109579116765,0.28215309114261855,-0.013568356467151344,0.06745766975258538,0.11784365685002
G1,pois_poly12,0.5:160:4000,80.07051762940735,0.3816352865394163,-2.2461230119669318,20.797547871235054,3.0469818074811065e-05,-0.0008020849927676225,-0.238580188117977,-0.2978673962850132
G1,pois_poly12,fixed_control,3.5129129129129133,0.010660799046958514,0.7952980496403498,0.01638842134815377,0.991839270357587,0.0009113882318699343,0.007463326570846042,0.007612581219043579
G1,pois_poly12,fixed_control,7.025825825825827,0.06915580848434143,-1.4626375637630435,0.7360045862751576,0.6921155945706319,0.00038904717145247733,0.007465231703639306,-0.06875169934433539
G1,pois_poly12,fixed_control,14.051651651651653,0.04968181494171186,-2.7925826039823685,0.35132661989769076,0.8389003852070652,-0.0033514765566559617,-0.04668658299246821,-0.016989576345214787
G1,pois_poly12,fixed_control,6.025825825825827,0.027233092848055685,-2.721037178074062,0.1071704362032051,0.9478251657008209,-0.0018883618804712698,-0.024860063732752815,-0.011118389149255833
G1,pois_poly12,fixed_control,8.025825825825827,0.13550607667722006,1.1492661678529652,2.526446778707509,0.2827411711650836,-0.013476849210361925,0.055443279647535454,0.12364440771170294
G1,pois_poly12,fixed_control,9.7,0.13565228447936414,2.0391509368581024,2.598331235497369,0.2727592836188944,-0.01514514248205203,-0.06123597730132781,0.12104419593033615
G1,pois_poly12,linear_mass_2to50cycles,2.043226493997576,0.28050358332708,-1.383808373378332,11.7971749849861,0.0027433170392662026,-0.02199849922374335,0.0521456723097381,-0.27561402199216484
G2,cheb_d7,0.5:80:3000,7.365788596198732,1.0807317747898042,1.0747993100835098,155.47336242194115,1.7353549087326651e-34,-0.0769872959365848,0.5143297172485041,0.950497822719965
G2,cheb_d7,3.1:80:1000,7.333733733733734,1.0826213128162256,0.9700241948811256,155.39951045642442,1.8006323946935332e-34,-0.0834338442281986,0.6119837134111796,0.8930536610324104
G2,cheb_d7,5:9:1001,7.352,1.0818288650485588,1.0298429351690073,155.51124573081609,1.702793770177365e-34,-0.07979455777887531,0.5570915497910834,0.9273633044301579
G2,cheb_d7,0.5:160:4000,7.36021505376344,1.0812267188294995,1.0566475234535453,155.50133381920102,1.7112536870230486e-34,-0.0781276834620268,0.5317406836872215,0.9414367014423497
G2,cheb_d7,fixed_control,3.5129129129129133,0.41974656576608965,1.9903925456231386,23.075129556061142,9.756617570248532e-06,0.009324465390731031,-0.1710012803054607,0.3833350252798712
G2,cheb_d7,fixed_control,7.025825825825827,0.990184467445838,-0.09371832069769254,129.02100885901916,9.625956648798495e-29,-0.11677950469595663,0.985839192967391,-0.09266264177326847
G2,cheb_d7,fixed_control,14.051651651651653,0.28730536744419055,-2.385275075186757,12.227127743816027,0.0022126511392099035,-0.029017169712000322,-0.2089767275622601,-0.19716262703567902
G2,cheb_d7,fixed_control,6.025825825825827,0.7070158988292706,1.590788548522549,62.213179918294486,3.094422640237399e-14,0.10423825028121449,-0.014133877044766763,0.7068746103214097
G2,cheb_d7,fixed_control,8.025825825825827,0.6900088417092635,3.135835038371397,71.13353425210926,3.577250046666644e-16,0.017084653216165004,-0.6899974047984201,0.003972783458051788
G2,cheb_d7,fixed_control,9.7,0.4291133474293817,-1.86449178899196,26.845351051573402,1.4811740231203085e-06,0.04197356991084516,-0.12422463165312742,-0.4107389753026781
G2,cheb_d7,linear_mass_2to50cycles,0.2779095043487077,0.9805631907541591,2.951791566277699,110.29666461384284,1.1204270697869093e-24,0.016959794893351157,-0.9629540233298224,0.1849965405484255
G2,cheb_d12,0.5:80:3000,11.39513171057019,0.44652625130143925,0.7947377229366109,26.957623271209513,1.400317396006842e-06,-0.07574079298920972,0.3127791238001465,0.3186768156238052
G2,cheb_d12,3.1:80:1000,11.413513513513514,0.4458026002730878,0.844636936220316,26.935525986258313,1.4158747880383982e-06,-0.07581432967069612,0.29601417480856557,0.33334001668364166
G2,cheb_d12,5:9:1001,8.847999999999999,0.16428821064620838,3.0325752104481034,3.97728658981913,0.13688100668610603,-0.14556942298524106,-0.1633129106559111,0.01787482504606226
G2,cheb_d12,0.5:160:4000,11.388597149287321,0.4467180788882562,0.7770081230495077,26.958556617676834,1.3996640578190763e-06,-0.07573849785624706,0.31851645807717843,0.3132160722880985
G2,cheb_d12,fixed_control,3.5129129129129133,0.02786850907245298,1.7328767152679916,0.09866665193510471,0.9518637958929,-0.14586103643606543,-0.004497188034134587,0.02750325612917552
G2,cheb_d12,fixed_control,7.025825825825827,0.03193561801737454,2.3521894229064206,0.15007815336480235,0.9277072338993049,-0.14506843351604284,-0.022491269193209144,0.02267215270392864
G2,cheb_d12,fixed_control,14.051651651651653,0.23522341528689103,-1.3670749160817006,8.037865760859859,0.017972133125284704,-0.1520655509388428,0.04758926689010411,-0.23035910395747689
G2,cheb_d12,fixed_control,6.025825825825827,0.0593268517322749,-1.0178306050756414,0.49152794876948747,0.7821068003811088,-0.1547638264578762,0.031159250216442065,-0.050485408410871395
G2,cheb_d12,fixed_control,8.025825825825827,0.11194678992696981,0.8292909578439901,1.7800994506564507,0.4106353332679392,-0.1579496354109735,0.07560872924114725,0.0825554591622625
G2,cheb_d12,fixed_control,9.7,0.05466928785037985,-1.147146191242317,0.4232232565231584,0.8092789376094409,-0.14092334994349276,0.022474031856643623,-0.04983622102622005
G2,cheb_d12,linear_mass_2to50cycles,2.143005280369034,0.3016978851607243,0.05064940620882453,12.491116652125015,0.0019390476547276171,-0.1511775482046922,0.30131098568505194,0.01527428610299112
G2,spline_s1,0.5:80:3000,22.15771923974658,0.2858669749562622,-2.7238727773416964,11.360010517531236,0.003413540492338852,-0.1466539354809611,-0.2612870776699693,-0.11596978232855176
G2,spline_s1,3.1:80:1000,22.113313313313316,0.28547195188680075,-2.8362262058230536,11.342522241681195,0.003443519841982549,-0.14649970950777272,-0.2722651192319653,-0.08582505557040794
G2,spline_s1,5:9:1001,9.0,0.06262011760054105,1.8177156940154175,0.5610494056248854,0.7553872836213514,-0.13804023095755558,-0.015305479309952387,0.0607208484080897
G2,spline_s1,0.5:160:4000,22.15753938484621,0.285866906239869,-2.7243260170082824,11.360047427925565,0.0034134774953573505,-0.14665347381203114,-0.2613395501155091,-0.11585131690480417
G2,spline_s1,fixed_control,3.5129129129129133,0.02529178684877674,2.028952458572871,0.08435002285801829,0.9587019820857077,-0.13975451940688424,-0.01118643467064295,0.02268343363257409
G2,spline_s1,fixed_control,7.025825825825827,0.010568796923354438,-2.177017206714363,0.01571011899966379,0.9921757108596618,-0.13999529994723903,-0.006021739334445026,-0.008685512293187076
G2,spline_s1,fixed_control,14.051651651651653,0.09276873037522136,-0.32040703958949696,1.1619235474207699,0.5593601299083748,-0.13592241869170346,0.08804747906307657,-0.02921778167602073
G2,spline_s1,fixed_control,6.025825825825827,0.01724735047851675,-0.8154854399753042,0.04358901261036863,0.9784412779073403,-0.14256193181741092,0.011823318249084915,-0.012557079441878496
G2,spline_s1,fixed_control,8.025825825825827,0.03207274094687369,0.5498414014327966,0.15016727037624378,0.9276658975721652,-0.14338943801740175,0.02734545655127509,0.016759675350304214
G2,spline_s1,fixed_control,9.7,0.11114086843954378,3.057801561288976,1.6954367387157276,0.4283912483275053,-0.1426962942500995,-0.110750939577113,0.009301721361266668
G2,spline_s1,linear_mass_2to50cycles,1.787383452019479,0.2564178704906329,2.822200725287947,8.840499864590072,0.01203122491726464,-0.1474225891636847,-0.2434499268567425,0.0805124674842209
G2,spline_s2,0.5:80:3000,5.510170056685562,1.6735139156186192,0.0499544130659375,343.01747964941126,3.271151782146038e-75,0.024195820324663452,1.6714262701911875,0.08356464015322622
G2,spline_s2,3.1:80:1000,5.486286286286287,1.664935054451514,-0.017398231377756618,342.13711652092843,5.08006325908789e-75,0.018023888904998984,1.6646830741733898,-0.028965463954479798
G2,spline_s2,5:9:1001,5.52,1.6762370386307528,0.07776777465337291,343.10296979605243,3.1342724585902333e-75,0.02667035128461943,1.671170797094287,0.13022586769471284
G2,spline_s2,0.5:160:4000,5.525506376594148,1.6775502291939752,0.09337377572063982,343.0791330199744,3.1718514295168707e-75,0.02803753149464387,1.670242544233847,0.15641168402649464
G2,spline_s2,fixed_control,3.5129129129129133,0.5802071236430051,-1.5896178381728405,42.66575728546718,5.435612921212012e-10,-0.18736312289777116,-0.010919730234782876,-0.5801043576958278
G2,spline_s2,fixed_control,7.025825825825827,0.9757810628774136,0.3573986016588925,123.44450303586848,1.5644682547055574e-27,-0.2613153486176114,0.9141215175416808,0.34136568930908917
G2,spline_s2,fixed_control,14.051651651651653,0.12053423591982944,2.3636080194804316,1.9884105565199661,0.3700173885896231,-0.1580760487129259,-0.0858600870212842,0.08459637986033804
G2,spline_s2,fixed_control,6.025825825825827,1.1532826833667122,1.6712782151321854,167.57253726468105,4.093415914662383e-37,0.025691063252404542,-0.1156891142726757,1.1474654576902645
G2,spline_s2,fixed_control,8.025825825825827,0.6425314332216401,3.042830343254416,61.569319044420695,4.2696496714007936e-14,-0.13743038099675736,-0.6394003556521292,0.06335477779761842
G2,spline_s2,fixed_control,9.7,0.5927577559197833,-2.2920744871829672,50.75268349852183,9.532236467366649e-12,-0.10256736336781405,-0.39142465672582305,-0.4451387371484637
G2,spline_s2,linear_mass_2to50cycles,0.11416995748272571,1.031376880782764,-2.2607577374462657,133.02677446920347,1.2989814563060857e-29,0.253050043495665,-0.6564790372971778,-0.7954706429545683
G2,pois_poly12,0.5:80:3000,11.36862287429143,0.4479770061081683,0.7249896603334467,27.04776868309341,1.338602576450294e-06,0.07087758172938108,0.3353136017070253,0.29706596323358936
G2,pois_poly12,3.1:80:1000,11.413513513513514,0.4462129714355186,0.8468096261196877,26.987080894828352,1.379843532576738e-06,0.07079636722341125,0.2955610524870071,0.3342898145772431
G2,pois_poly12,5:9:1001,8.868,0.1703322404126043,3.1179015244432047,4.276004970765143,0.1178900951721084,0.0015021539641841839,-0.17028444149409816,0.004034985628263452
G2,pois_poly12,0.5:160:4000,11.388597149287321,0.4473955611858205,0.7791707161723814,27.042258144169352,1.3422958729280054e-06,0.07091495723212216,0.31832038115270744,0.31438022061123744
G2,pois_poly12,fixed_control,3.5129129129129133,0.014030903921494442,0.8726078561328802,0.027888681434433238,0.9861524312724016,5.246457659354792e-05,0.009019501358209588,0.010747783962448422
G2,pois_poly12,fixed_control,7.025825825825827,0.026645987484815028,2.3681920394653075,0.10422147035563967,0.9492237485622634,0.0011646876427080215,-0.019066249522812672,0.018614155317251562
G2,pois_poly12,fixed_control,14.051651651651653,0.23426047929466928,-1.3917174733405877,7.991966324430223,0.01838935779840663,-0.005898788308699184,0.041727234025256264,-0.2305142297125487
G2,pois_poly12,fixed_control,6.025825825825827,0.04667090253888542,-1.164944866953162,0.29317937571642005,0.8636482700975112,-0.007222152733655487,0.018425728151450098,-0.04287966517923153
G2,pois_poly12,fixed_control,8.025825825825827,0.11177694551224691,0.8273788588719654,1.7750576059594323,0.41167181895772176,-0.011363192282443571,0.07565149313501426,0.08228570431424102
G2,pois_poly12,fixed_control,9.7,0.0575856735785736,-1.0203809359155656,0.4657908183579025,0.7922364298498956,0.005597659357334092,0.030119686418530606,-0.049080691636807776
G2,pois_poly12,linear_mass_2to50cycles,2.143005280369034,0.2999957523204731,0.0658151329943551,12.338628224814727,0.002092670845356025,-0.004231168443402188,0.2993462512612412,0.019730009279483502
