label,split,model,predictive_deviance
H2,0,pois_poly2,2006.6522472339666
H2,0,pois_poly3,613.1061915595255
H2,0,pois_poly5,533.1405527991906
H2,0,pois_poly7,495.10465322217567
H2,0,pois_poly9,357.5123885107575
H2,0,pois_poly12,326.26953396681597
H2,0,pois_poly16,325.4150879423263
H2,0,pois_poly20,320.59689268814236
H2,0,pspline_8_0.1,333.79958266065034
H2,0,pspline_8_1,340.88838412168786
H2,0,pspline_8_10,394.54062583356665
H2,0,pspline_8_100,504.5124359343135
H2,0,pspline_16_0.1,317.38838094247
H2,0,pspline_16_1,328.4612907757721
H2,0,pspline_16_10,343.3635387889361
H2,0,pspline_16_100,392.2588678881909
H2,0,pspline_24_0.1,328.7223857181825
H2,0,pspline_24_1,326.38809720576444
H2,0,pspline_24_10,336.26790628882674
H2,0,pspline_24_100,361.91928619795794
H2,0,pspline_40_0.1,342.6045657567513
H2,0,pspline_40_1,339.3049112457762
H2,0,pspline_40_10,335.3248023321554
H2,0,pspline_40_100,344.4668320096765
H2,0,cms_dijet_form,536.8218612040281
H2,0,local_0.15,338.9532768954156
H2,0,local_0.3,408.2041418551817
H2,0,local_0.5,518.9240102114173
H2,0,cheb_d5,535.3816317605379
H2,0,cheb_d6,507.60662162620304
H2,0,cheb_d7,504.115260403429
H2,0,cheb_d8,426.1046228681532
H2,0,cheb_d9,365.48406275669987
H2,0,cheb_d10,368.0245724691749
H2,0,cheb_d11,348.24890986470257
H2,0,cheb_d12,332.1333231583776
H2,0,bernstein_d5,535.381631760539
H2,0,bernstein_d7,504.1152604034294
H2,0,bernstein_d9,365.48406275669976
H2,0,bernstein_d12,332.1333231583804
H2,0,spline_s0.5,424.14728031972885
H2,0,spline_s1,343.76980291792063
H2,0,spline_s2,618.1467736341673
H2,0,cheb_d2,2214.2421942234405
H2,0,cheb_d3,618.1467736341666
H2,0,cheb_d14,331.9703603270382
H2,0,cheb_d16,334.47954236344947
H2,0,cheb_d20,330.5386815432378
H2,0,spline_s0.25,523.4543372364036
H2,0,spline_s1.5,484.6159280649666
H2,0,spline_s3.0,618.1467736341673
H2,0,spline_s4.0,618.1467736341673
H2,1,pois_poly2,1831.9657271015267
H2,1,pois_poly3,612.256337084503
H2,1,pois_poly5,536.3511389748626
H2,1,pois_poly7,526.4570955382518
H2,1,pois_poly9,371.3661217226745
H2,1,pois_poly12,352.7212495218604
H2,1,pois_poly16,355.1561232465933
H2,1,pois_poly20,350.5536580159533
H2,1,pspline_8_0.1,361.36891053665016
H2,1,pspline_8_1,369.91266032818726
H2,1,pspline_8_10,416.8790536994076
H2,1,pspline_8_100,499.81900576831356
H2,1,pspline_16_0.1,353.89054021694574
H2,1,pspline_16_1,358.4553954268668
H2,1,pspline_16_10,371.11810839984673
H2,1,pspline_16_100,408.6639391864444
H2,1,pspline_24_0.1,358.6791097630763
H2,1,pspline_24_1,355.26861942621315
H2,1,pspline_24_10,364.7594343668623
H2,1,pspline_24_100,385.65706906686137
H2,1,pspline_40_0.1,384.7326285179697
H2,1,pspline_40_1,374.23072911475015
H2,1,pspline_40_10,363.17764834450065
H2,1,pspline_40_100,372.78460381839295
H2,1,cms_dijet_form,538.9417675408511
H2,1,local_0.15,367.8620188702263
H2,1,local_0.3,425.97678063999933
H2,1,local_0.5,514.8294589796983
H2,1,cheb_d5,557.6258261204247
H2,1,cheb_d6,540.1356268086774
H2,1,cheb_d7,548.7339929074224
H2,1,cheb_d8,444.476791344233
H2,1,cheb_d9,374.9169036348568
H2,1,cheb_d10,379.20053805953705
H2,1,cheb_d11,374.2892559028393
H2,1,cheb_d12,354.81077945991353
H2,1,bernstein_d5,557.6258261204227
H2,1,bernstein_d7,548.7339929074212
H2,1,bernstein_d9,374.9169036348538
H2,1,bernstein_d12,354.8107794599092
H2,1,spline_s0.5,455.30524199584477
H2,1,spline_s1,367.9289521963587
H2,1,spline_s2,663.4551741757949
H2,1,cheb_d2,1988.0210889804926
H2,1,cheb_d3,663.4551741757953
H2,1,cheb_d14,349.996505137805
H2,1,cheb_d16,361.34600844997476
H2,1,cheb_d20,355.35561636267005
H2,1,spline_s0.25,544.2548433491336
H2,1,spline_s1.5,663.4551741757949
H2,1,spline_s3.0,663.4551741757949
H2,1,spline_s4.0,663.4551741757949
H2,2,pois_poly2,2015.5613553687924
H2,2,pois_poly3,648.8759760924489
H2,2,pois_poly5,546.001447599402
H2,2,pois_poly7,524.2140386113376
H2,2,pois_poly9,367.54417398954394
H2,2,pois_poly12,355.46228142939754
H2,2,pois_poly16,364.0423495066417
H2,2,pois_poly20,361.1861831081711
H2,2,pspline_8_0.1,355.6496976370638
H2,2,pspline_8_1,359.95421383329676
H2,2,pspline_8_10,415.40997348832144
H2,2,pspline_8_100,525.6702912870041
H2,2,pspline_16_0.1,363.09105373420795
H2,2,pspline_16_1,369.36447574931924
H2,2,pspline_16_10,367.1661829749514
H2,2,pspline_16_100,408.25244978439616
H2,2,pspline_24_0.1,376.16531510096667
H2,2,pspline_24_1,375.7009520742301
H2,2,pspline_24_10,373.21688849042056
H2,2,pspline_24_100,379.82907228105114
H2,2,pspline_40_0.1,387.67671572213953
H2,2,pspline_40_1,381.7212157415165
H2,2,pspline_40_10,381.46392791692983
H2,2,pspline_40_100,378.2678090284953
H2,2,cms_dijet_form,549.2878824774108
H2,2,local_0.15,361.6487684995726
H2,2,local_0.3,415.3659043932428
H2,2,local_0.5,501.74481422771373
H2,2,cheb_d5,534.5113179424595
H2,2,cheb_d6,519.8307365211051
H2,2,cheb_d7,514.906952532854
H2,2,cheb_d8,433.188827989119
H2,2,cheb_d9,362.31000969837294
H2,2,cheb_d10,362.1453341727952
H2,2,cheb_d11,346.0984083469512
H2,2,cheb_d12,348.0424287543116
H2,2,bernstein_d5,534.5113179424602
H2,2,bernstein_d7,514.9069525328557
H2,2,bernstein_d9,362.31000969837106
H2,2,bernstein_d12,348.04242875431765
H2,2,spline_s0.5,428.86102165334
H2,2,spline_s1,369.27683250088825
H2,2,spline_s2,636.2025084699937
H2,2,cheb_d2,2188.2325582896324
H2,2,cheb_d3,636.2025084699924
H2,2,cheb_d14,347.67302717602337
H2,2,cheb_d16,357.8567616700358
H2,2,cheb_d20,352.8649126295095
H2,2,spline_s0.25,468.0339553407513
H2,2,spline_s1.5,559.2677363750407
H2,2,spline_s3.0,636.2025084699937
H2,2,spline_s4.0,636.2025084699937
H2,3,pois_poly2,2030.6800089672154
H2,3,pois_poly3,613.9659210041574
H2,3,pois_poly5,519.7382469031445
H2,3,pois_poly7,509.6596604974099
H2,3,pois_poly9,354.51884544507794
H2,3,pois_poly12,330.2032583623426
H2,3,pois_poly16,333.1928746856434
H2,3,pois_poly20,330.5686772416585
H2,3,pspline_8_0.1,347.2220471351628
H2,3,pspline_8_1,354.76734884187573
H2,3,pspline_8_10,401.71523904840143
H2,3,pspline_8_100,499.14429230624523
H2,3,pspline_16_0.1,335.53711469265477
H2,3,pspline_16_1,341.3283700392605
H2,3,pspline_16_10,351.17655158663086
H2,3,pspline_16_100,391.43158023029224
H2,3,pspline_24_0.1,340.34559062456026
H2,3,pspline_24_1,337.63855743096417
H2,3,pspline_24_10,346.38496855229016
H2,3,pspline_24_100,365.6979938083135
H2,3,pspline_40_0.1,341.2808541573389
H2,3,pspline_40_1,337.0072609959454
H2,3,pspline_40_10,339.6001996798066
H2,3,pspline_40_100,352.8287054376242
H2,3,cms_dijet_form,521.1876484965784
H2,3,local_0.15,346.70559348283143
H2,3,local_0.3,409.62209086430414
H2,3,local_0.5,505.8460905631413
H2,3,cheb_d5,526.4255054570532
H2,3,cheb_d6,511.3692472223412
H2,3,cheb_d7,520.2869736715506
H2,3,cheb_d8,429.73362947811347
H2,3,cheb_d9,358.55619651928623
H2,3,cheb_d10,359.0890460218969
H2,3,cheb_d11,349.4541725708763
H2,3,cheb_d12,334.0096469551227
H2,3,bernstein_d5,526.4255054570574
H2,3,bernstein_d7,520.2869736715501
H2,3,bernstein_d9,358.5561965192841
H2,3,bernstein_d12,334.00964695512596
H2,3,spline_s0.5,405.3592546012517
H2,3,spline_s1,347.59496093143656
H2,3,spline_s2,626.5476529799928
H2,3,cheb_d2,2169.5436861314647
H2,3,cheb_d3,626.5476529799932
H2,3,cheb_d14,329.7518229368802
H2,3,cheb_d16,335.9510701819682
H2,3,cheb_d20,335.3589924617617
H2,3,spline_s0.25,493.40188805907997
H2,3,spline_s1.5,460.7290774563128
H2,3,spline_s3.0,626.5476529799928
H2,3,spline_s4.0,626.5476529799928
H2,4,pois_poly2,1875.9968973247708
H2,4,pois_poly3,624.0404839604889
H2,4,pois_poly5,513.2120473910679
H2,4,pois_poly7,487.62751791731444
H2,4,pois_poly9,384.075124376349
H2,4,pois_poly12,342.2023927101692
H2,4,pois_poly16,334.60775098589534
H2,4,pois_poly20,338.8404009344888
H2,4,pspline_8_0.1,361.27469283141556
H2,4,pspline_8_1,355.09086716993517
H2,4,pspline_8_10,390.8937480162854
H2,4,pspline_8_100,487.791823239745
H2,4,pspline_16_0.1,336.2421795762508
H2,4,pspline_16_1,344.99996980843713
H2,4,pspline_16_10,349.6769683936068
H2,4,pspline_16_100,385.83207252005036
H2,4,pspline_24_0.1,348.2538912704211
H2,4,pspline_24_1,346.16222229261086
H2,4,pspline_24_10,347.8975359720618
H2,4,pspline_24_100,360.2939202157591
H2,4,pspline_40_0.1,357.1075518005324
H2,4,pspline_40_1,349.349880257465
H2,4,pspline_40_10,346.7895494591892
H2,4,pspline_40_100,347.7597972961463
H2,4,cms_dijet_form,517.1557114759996
H2,4,local_0.15,345.5919214534257
H2,4,local_0.3,380.68595066780097
H2,4,local_0.5,463.31007558471487
H2,4,cheb_d5,545.5851033468598
H2,4,cheb_d6,535.05874947813
H2,4,cheb_d7,548.1174719157034
H2,4,cheb_d8,408.35790703301814
H2,4,cheb_d9,370.2665728648065
H2,4,cheb_d10,370.3754349872049
H2,4,cheb_d11,356.35349437431864
H2,4,cheb_d12,334.68129340909786
H2,4,bernstein_d5,545.5851033468589
H2,4,bernstein_d7,548.1174719157048
H2,4,bernstein_d9,370.26657286480736
H2,4,bernstein_d12,334.6812934090965
H2,4,spline_s0.5,393.55483056901176
H2,4,spline_s1,333.76545739927303
H2,4,spline_s2,666.6083247493311
H2,4,cheb_d2,1966.3918309993542
H2,4,cheb_d3,666.6083247493259
H2,4,cheb_d14,329.37931212095896
H2,4,cheb_d16,328.93718549727805
H2,4,cheb_d20,333.9077652092044
H2,4,spline_s0.25,471.23135261568353
H2,4,spline_s1.5,480.44476077589997
H2,4,spline_s3.0,666.6083247493311
H2,4,spline_s4.0,666.6083247493311
G1,0,pois_poly2,3158.82205531266
G1,0,pois_poly3,711.7661982972132
G1,0,pois_poly5,581.2101762555349
G1,0,pois_poly7,524.130251876297
G1,0,pois_poly9,354.08143737588676
G1,0,pois_poly12,329.53329023773244
G1,0,pois_poly16,318.0554455114013
G1,0,pois_poly20,320.82058554734317
G1,0,pspline_8_0.1,337.6657968442414
G1,0,pspline_8_1,341.0292268293594
G1,0,pspline_8_10,397.65917788261015
G1,0,pspline_8_100,580.4193178234059
G1,0,pspline_16_0.1,325.7581674154236
G1,0,pspline_16_1,325.70175676656083
G1,0,pspline_16_10,338.2466687064708
G1,0,pspline_16_100,410.42035628437355
G1,0,pspline_24_0.1,328.2061129547004
G1,0,pspline_24_1,322.3242128344329
G1,0,pspline_24_10,328.21217652549063
G1,0,pspline_24_100,358.4645824185005
G1,0,pspline_40_0.1,343.3623298834571
G1,0,pspline_40_1,335.140579882018
G1,0,pspline_40_10,326.99033115939153
G1,0,pspline_40_100,335.3333278564329
G1,0,cms_dijet_form,678.8711175142163
G1,0,local_0.15,351.2369424437667
G1,0,local_0.3,430.6945127659995
G1,0,local_0.5,583.563069506949
G1,0,cheb_d5,606.2199669380195
G1,0,cheb_d6,556.9093316889526
G1,0,cheb_d7,553.9332408005938
G1,0,cheb_d8,410.27995039638665
G1,0,cheb_d9,375.26426549645356
G1,0,cheb_d10,357.3439026551188
G1,0,cheb_d11,350.71266501582613
G1,0,cheb_d12,349.40596217997154
G1,0,bernstein_d5,606.2199669380154
G1,0,bernstein_d7,553.9332408005957
G1,0,bernstein_d9,375.2642654964528
G1,0,bernstein_d12,349.4059621799784
G1,0,spline_s0.5,404.9709125225429
G1,0,spline_s1,359.9650072373329
G1,0,spline_s2,732.2999161681407
G1,0,cheb_d2,3724.2548330074974
G1,0,cheb_d3,732.2999161681357
G1,0,cheb_d14,348.1561607383785
G1,0,cheb_d16,338.35747218926076
G1,0,cheb_d20,338.8077617838896
G1,0,spline_s0.25,454.8000014572949
G1,0,spline_s1.5,546.9955957414554
G1,0,spline_s3.0,732.2999161681407
G1,0,spline_s4.0,732.2999161681407
G1,1,pois_poly2,3042.993342538538
G1,1,pois_poly3,721.2792366592982
G1,1,pois_poly5,592.2129797573939
G1,1,pois_poly7,533.5576099619839
G1,1,pois_poly9,372.57727273698225
G1,1,pois_poly12,359.8607516200377
G1,1,pois_poly16,361.9332866731052
G1,1,pois_poly20,362.97050414005
G1,1,pspline_8_0.1,373.5266935425582
G1,1,pspline_8_1,377.1690391612793
G1,1,pspline_8_10,420.42283418141324
G1,1,pspline_8_100,587.4930253112424
G1,1,pspline_16_0.1,363.1911181601224
G1,1,pspline_16_1,361.6454358283871
G1,1,pspline_16_10,372.6041494980354
G1,1,pspline_16_100,428.9066073617135
G1,1,pspline_24_0.1,359.5461755119593
G1,1,pspline_24_1,358.1755899490353
G1,1,pspline_24_10,364.49224510932527
G1,1,pspline_24_100,386.14739427467885
G1,1,pspline_40_0.1,377.2598189279636
G1,1,pspline_40_1,368.0005289775233
G1,1,pspline_40_10,362.0876823931773
G1,1,pspline_40_100,369.96339725799623
G1,1,cms_dijet_form,687.2008224608185
G1,1,local_0.15,375.563697875692
G1,1,local_0.3,430.49425505060617
G1,1,local_0.5,576.6951762390648
G1,1,cheb_d5,604.7851863435933
G1,1,cheb_d6,559.3640854807034
G1,1,cheb_d7,548.4424369017642
G1,1,cheb_d8,431.9152443862058
G1,1,cheb_d9,387.63526878734837
G1,1,cheb_d10,372.8075842851848
G1,1,cheb_d11,379.72342369307205
G1,1,cheb_d12,372.7782647468091
G1,1,bernstein_d5,604.7851863435915
G1,1,bernstein_d7,548.442436901766
G1,1,bernstein_d9,387.63526878735047
G1,1,bernstein_d12,372.7782647468115
G1,1,spline_s0.5,444.91351203641057
G1,1,spline_s1,381.0019731153061
G1,1,spline_s2,732.0572555819074
G1,1,cheb_d2,3636.806965593746
G1,1,cheb_d3,734.317939449898
G1,1,cheb_d14,378.59478759421967
G1,1,cheb_d16,374.90553418899924
G1,1,cheb_d20,374.4289599654616
G1,1,spline_s0.25,494.6918285926003
G1,1,spline_s1.5,542.1179120031651
G1,1,spline_s3.0,734.3179394499014
G1,1,spline_s4.0,734.3179394499014
G1,2,pois_poly2,2989.8980819431044
G1,2,pois_poly3,685.3100319579703
G1,2,pois_poly5,590.687551169261
G1,2,pois_poly7,526.8560261046116
G1,2,pois_poly9,380.63970724541457
G1,2,pois_poly12,360.4512350606428
G1,2,pois_poly16,353.6501544841727
G1,2,pois_poly20,357.84386521571946
G1,2,pspline_8_0.1,372.9272336133089
G1,2,pspline_8_1,375.4186384846913
G1,2,pspline_8_10,415.17518230080634
G1,2,pspline_8_100,564.4441130737832
G1,2,pspline_16_0.1,357.48288543178353
G1,2,pspline_16_1,359.0545189693438
G1,2,pspline_16_10,368.4002649220314
G1,2,pspline_16_100,421.6440887697594
G1,2,pspline_24_0.1,366.59970737675513
G1,2,pspline_24_1,358.3757742766128
G1,2,pspline_24_10,362.5226174776367
G1,2,pspline_24_100,381.6695546331407
G1,2,pspline_40_0.1,389.32857121928015
G1,2,pspline_40_1,377.1091261270916
G1,2,pspline_40_10,364.07987414938793
G1,2,pspline_40_100,368.63044167647934
G1,2,cms_dijet_form,664.160180062299
G1,2,local_0.15,373.53497298899964
G1,2,local_0.3,431.51747420244885
G1,2,local_0.5,564.6344685953995
G1,2,cheb_d5,608.2454401217681
G1,2,cheb_d6,556.7713703172985
G1,2,cheb_d7,551.6163468521445
G1,2,cheb_d8,440.40452497365743
G1,2,cheb_d9,393.0807023724998
G1,2,cheb_d10,378.71615528696503
G1,2,cheb_d11,375.1310889866297
G1,2,cheb_d12,370.3759645267623
G1,2,bernstein_d5,608.2454401217683
G1,2,bernstein_d7,551.6163468521416
G1,2,bernstein_d9,393.0807023725017
G1,2,bernstein_d12,370.3759645267583
G1,2,spline_s0.5,433.9595121998889
G1,2,spline_s1,382.8712296446272
G1,2,spline_s2,710.2539801217785
G1,2,cheb_d2,3577.6420724234645
G1,2,cheb_d3,701.8024727955267
G1,2,cheb_d14,373.37413238694865
G1,2,cheb_d16,364.42002996870787
G1,2,cheb_d20,368.2500108025038
G1,2,spline_s0.25,488.07157844898785
G1,2,spline_s1.5,543.3973806514349
G1,2,spline_s3.0,701.8024727955253
G1,2,spline_s4.0,701.8024727955253
G1,3,pois_poly2,3078.8380846383798
G1,3,pois_poly3,678.4312580352262
G1,3,pois_poly5,560.0900089168509
G1,3,pois_poly7,502.2320344227044
G1,3,pois_poly9,370.9973281869085
G1,3,pois_poly12,357.76970975606366
G1,3,pois_poly16,356.15357281075615
G1,3,pois_poly20,348.03939213091445
G1,3,pspline_8_0.1,363.5382889935257
G1,3,pspline_8_1,361.8119582595135
G1,3,pspline_8_10,394.05057740552115
G1,3,pspline_8_100,554.8531746476449
G1,3,pspline_16_0.1,350.0874571648671
G1,3,pspline_16_1,351.08262042065303
G1,3,pspline_16_10,358.2067265920863
G1,3,pspline_16_100,402.3324389840496
G1,3,pspline_24_0.1,366.57106144512204
G1,3,pspline_24_1,362.1517329308934
G1,3,pspline_24_10,360.6254375478511
G1,3,pspline_24_100,367.6683616733173
G1,3,pspline_40_0.1,369.41994038103496
G1,3,pspline_40_1,365.40719547287387
G1,3,pspline_40_10,361.8816414480292
G1,3,pspline_40_100,362.1010244523272
G1,3,cms_dijet_form,643.5513667169872
G1,3,local_0.15,391.3428907720477
G1,3,local_0.3,443.0256473505011
G1,3,local_0.5,591.5580124790014
G1,3,cheb_d5,585.9484475421981
G1,3,cheb_d6,545.1448675269089
G1,3,cheb_d7,535.7214891706078
G1,3,cheb_d8,448.6801369975776
G1,3,cheb_d9,411.4226604622188
G1,3,cheb_d10,402.51701168332943
G1,3,cheb_d11,398.70642085914136
G1,3,cheb_d12,393.17730159190586
G1,3,bernstein_d5,585.9484475421968
G1,3,bernstein_d7,535.7214891706092
G1,3,bernstein_d9,411.4226604622187
G1,3,bernstein_d12,393.1773015918993
G1,3,spline_s0.5,475.99336122614324
G1,3,spline_s1,401.8207934781436
G1,3,spline_s2,689.1744559246512
G1,3,cheb_d2,3776.863974539424
G1,3,cheb_d3,699.4022576537433
G1,3,cheb_d14,394.90322358288535
G1,3,cheb_d16,388.63597034062366
G1,3,cheb_d20,380.4023135646971
G1,3,spline_s0.25,516.4383673671844
G1,3,spline_s1.5,480.538192578348
G1,3,spline_s3.0,699.402257653747
G1,3,spline_s4.0,699.402257653747
G1,4,pois_poly2,3117.5650454259508
G1,4,pois_poly3,687.9168652072224
G1,4,pois_poly5,559.7595728440809
G1,4,pois_poly7,491.2481808946726
G1,4,pois_poly9,358.7461233591455
G1,4,pois_poly12,343.4052369417637
G1,4,pois_poly16,340.13953468009896
G1,4,pois_poly20,344.0849104292943
G1,4,pspline_8_0.1,347.97210850442775
G1,4,pspline_8_1,347.94812354358123
G1,4,pspline_8_10,386.9505466280973
G1,4,pspline_8_100,562.6533831154464
G1,4,pspline_16_0.1,336.77263727273123
G1,4,pspline_16_1,337.8490365983944
G1,4,pspline_16_10,344.69409413864435
G1,4,pspline_16_100,400.34369297936837
G1,4,pspline_24_0.1,338.1301041442622
G1,4,pspline_24_1,335.8343302781177
G1,4,pspline_24_10,340.53228503173057
G1,4,pspline_24_100,358.95775735753716
G1,4,pspline_40_0.1,349.94692409041613
G1,4,pspline_40_1,342.67951406405405
G1,4,pspline_40_10,338.49706916426885
G1,4,pspline_40_100,344.5430406791137
G1,4,cms_dijet_form,656.1821130747161
G1,4,local_0.15,355.48950547641044
G1,4,local_0.3,410.61645376885417
G1,4,local_0.5,561.9612380812493
G1,4,cheb_d5,565.6173232013524
G1,4,cheb_d6,514.4759553309157
G1,4,cheb_d7,507.82794358587853
G1,4,cheb_d8,401.1951410077612
G1,4,cheb_d9,376.05610703905904
G1,4,cheb_d10,366.2042372829387
G1,4,cheb_d11,361.6622186088801
G1,4,cheb_d12,357.1024320789223
G1,4,bernstein_d5,565.6173232013529
G1,4,bernstein_d7,507.82794358587773
G1,4,bernstein_d9,376.0561070390555
G1,4,bernstein_d12,357.10243207891335
G1,4,spline_s0.5,420.3988388228118
G1,4,spline_s1,357.6251809485716
G1,4,spline_s2,690.7360611877971
G1,4,cheb_d2,3567.7001900604682
G1,4,cheb_d3,690.7360611877982
G1,4,cheb_d14,355.2934613819216
G1,4,cheb_d16,353.45449956448067
G1,4,cheb_d20,355.4492270213205
G1,4,spline_s0.25,515.4378361870156
G1,4,spline_s1.5,499.9236341342336
G1,4,spline_s3.0,690.7360611877971
G1,4,spline_s4.0,690.7360611877971
