omega,delta_chi2
3.100000000000000089e+00,4.727518452073004340e+01
3.176976976976976896e+00,4.477647396250866052e+01
3.253953953953954148e+00,4.093301628489950161e+01
3.330930930930930955e+00,3.608278721600540706e+01
3.407907907907908207e+00,3.064950436090361308e+01
3.484884884884885015e+00,2.506725066924422407e+01
3.561861861861862266e+00,1.971943104928818968e+01
3.638838838838839074e+00,1.490946058428635901e+01
3.715815815815815881e+00,1.086334234662999521e+01
3.792792792792793133e+00,7.751140010067961050e+00
3.869769769769769940e+00,5.710223720180163554e+00
3.946746746746747192e+00,4.857042561040210593e+00
4.023723723723724000e+00,5.282855062467988638e+00
4.100700700700700807e+00,7.038429692869239140e+00
4.177677677677677615e+00,1.011850629393179979e+01
4.254654654654654422e+00,1.445543832925140038e+01
4.331631631631632118e+00,1.992443624493477827e+01
4.408608608608608925e+00,2.635609052699591359e+01
4.485585585585585733e+00,3.355027764358685971e+01
4.562562562562562540e+00,4.128901865050328013e+01
4.639539539539539348e+00,4.935036081095591243e+01
4.716516516516517044e+00,5.752658706448647763e+01
4.793493493493493851e+00,6.564608658824965914e+01
4.870470470470470659e+00,7.359097837117008112e+01
4.947447447447448354e+00,8.129783021526969833e+01
5.024424424424424274e+00,8.873231429040701812e+01
5.101401401401401969e+00,9.584004208712049433e+01
5.178378378378378777e+00,1.024878240880714344e+02
5.255355355355355584e+00,1.084152631111268050e+02
5.332332332332333280e+00,1.132157869214482844e+02
5.409309309309309199e+00,1.163628020182752607e+02
5.486286286286286895e+00,1.172909885464423780e+02
5.563263263263263703e+00,1.155297572258523360e+02
5.640240240240240510e+00,1.108618641851621618e+02
5.717217217217218206e+00,1.034534462120174254e+02
5.794194194194194125e+00,9.389443759993248761e+01
5.871171171171171821e+00,8.311858142668513949e+01
5.948148148148148628e+00,7.222870821561393484e+01
6.025125125125125436e+00,6.229628643093064966e+01
6.102102102102103132e+00,5.420408772900888295e+01
6.179079079079079051e+00,4.856503947354251238e+01
6.256056056056056747e+00,4.571123456736353319e+01
6.333033033033033554e+00,4.572768849370007871e+01
6.410010010010010362e+00,4.850609694810393080e+01
6.486986986986988057e+00,5.380251139403199545e+01
6.563963963963963977e+00,6.128936211892822428e+01
6.640940940940941672e+00,7.059427037944911376e+01
6.717917917917918480e+00,8.131910502542370978e+01
6.794894894894895288e+00,9.303685358466785260e+01
6.871871871871872983e+00,1.052716740286985555e+02
6.948848848848848903e+00,1.174757567306455428e+02
7.025825825825826598e+00,1.290210088590197302e+02
7.102802802802804294e+00,1.392211076937297776e+02
7.179779779779780213e+00,1.473896017341309346e+02
7.256756756756757909e+00,1.529249432766807786e+02
7.333733733733733828e+00,1.553995104564243093e+02
7.410710710710711524e+00,1.546243361940776424e+02
7.487687687687689220e+00,1.506687101572262577e+02
7.564664664664665139e+00,1.438308896574345113e+02
7.641641641641642835e+00,1.345735502919341968e+02
7.718618618618618754e+00,1.234465942478177567e+02
7.795595595595596450e+00,1.110181404028115537e+02
7.872572572572574146e+00,9.782589142500734170e+01
7.949549549549550065e+00,8.435149481521811765e+01
8.026526526526527761e+00,7.101386311200074886e+01
8.103503503503503680e+00,5.817455709717798840e+01
8.180480480480481376e+00,4.614824732545082497e+01
8.257457457457459071e+00,3.521252315229860130e+01
8.334434434434434991e+00,2.561292614169307313e+01
8.411411411411412686e+00,1.756070652131190357e+01
8.488388388388388606e+00,1.122256721017397219e+01
8.565365365365366301e+00,6.703804778724970603e+00
8.642342342342343997e+00,4.028708142574910056e+00
8.719319319319319916e+00,3.124181758904504669e+00
8.796296296296297612e+00,3.813204693149072178e+00
8.873273273273273531e+00,5.822972984449496181e+00
8.950250250250251227e+00,8.808487167295750098e+00
9.027227227227228923e+00,1.238744158253226146e+01
9.104204204204204842e+00,1.617879005853950503e+01
9.181181181181182538e+00,1.983688258218448652e+01
9.258158158158158457e+00,2.307549776910796169e+01
9.335135135135136153e+00,2.567989971195536469e+01
9.412112112112113849e+00,2.750839656222139240e+01
9.489089089089089768e+00,2.848670450744000604e+01
9.566066066066067464e+00,2.859868783348465371e+01
9.643043043043043383e+00,2.787633938242811027e+01
9.720020020020021079e+00,2.639082500436735756e+01
9.796996996996998774e+00,2.424540328728305383e+01
9.873973973973974694e+00,2.157013590149607651e+01
9.950950950950952389e+00,1.851753054722604119e+01
1.002792792792792831e+01,1.525770828085174280e+01
1.010490490490490600e+01,1.197157770028568535e+01
1.018188188188188370e+01,8.841029981196015797e+00
1.025885885885885962e+01,6.036323841325532236e+00
1.033583583583583732e+01,3.702246829061745181e+00
1.041281281281281323e+01,1.945688782699597219e+00
1.048978978978979093e+01,8.273590852462803236e-01
1.056676676676676863e+01,3.593693758608479394e-01
1.064374374374374455e+01,5.087308725630638184e-01
1.072072072072072224e+01,1.205273678671510806e+00
1.079769769769769816e+01,2.351739503492205507e+00
1.087467467467467586e+01,3.833989619129822390e+00
1.095165165165165355e+01,5.530077916391365811e+00
1.102862862862862947e+01,7.317830321376179725e+00
1.110560560560560717e+01,9.081125913397944061e+00
1.118258258258258309e+01,1.071516440660124481e+01
1.125955955955956078e+01,1.213079065388942546e+01
1.133653653653653670e+01,1.325772606289556421e+01
1.141351351351351440e+01,1.404654539765539667e+01
1.149049049049049209e+01,1.446942861153900850e+01
1.156746746746746801e+01,1.451991803259178582e+01
1.164444444444444571e+01,1.421192567206912827e+01
1.172142142142142163e+01,1.357803758012545359e+01
1.179839839839839932e+01,1.266691824765731589e+01
1.187537537537537702e+01,1.153955628011379275e+01
1.195235235235235294e+01,1.026432838360721078e+01
1.202932932932933063e+01,8.911300573858197183e+00
1.210630630630630655e+01,7.546586618988726514e+00
1.218328328328328425e+01,6.227705382537884304e+00
1.226026026026026194e+01,5.000646739958192200e+00
1.233723723723723786e+01,3.898893886506027417e+00
1.241421421421421556e+01,2.944178271456987961e+00
1.249119119119119148e+01,2.148436935741711018e+00
1.256816816816816917e+01,1.516353709676284467e+00
1.264514514514514687e+01,1.047943311943514644e+00
1.272212212212212279e+01,7.407886508828160910e-01
1.279909909909910048e+01,5.916917557838363706e-01
1.287607607607607640e+01,5.976141395591378913e-01
1.295305305305305410e+01,7.558657657148408759e-01
1.303003003003003180e+01,1.063575014634513538e+00
1.310700700700700772e+01,1.516558242034725446e+00
1.318398398398398541e+01,2.107816700705194002e+00
1.326096096096096133e+01,2.826007286702517440e+00
1.333793793793793903e+01,3.654321921648282512e+00
1.341491491491491672e+01,4.570213745363446378e+00
1.349189189189189264e+01,5.546285842097830709e+00
1.356886886886887034e+01,6.552415790040499566e+00
1.364584584584584626e+01,7.558890209273366523e+00
1.372282282282282395e+01,8.540059969230545889e+00
1.379979979979980165e+01,9.477868027604190004e+00
1.387677677677677757e+01,1.036456115558116231e+01
1.395375375375375526e+01,1.120394706137009244e+01
1.403073073073073118e+01,1.201068210413599857e+01
1.410770770770770888e+01,1.280729750547002155e+01
1.418468468468468657e+01,1.361904072125973997e+01
1.426166166166166249e+01,1.446712212129996367e+01
1.433863863863864019e+01,1.536150455018631078e+01
1.441561561561561611e+01,1.629474833584774274e+01
1.449259259259259380e+01,1.723842912466559341e+01
1.456956956956957150e+01,1.814321781674443201e+01
1.464654654654654742e+01,1.894296807683537764e+01
1.472352352352352511e+01,1.956232002537795012e+01
1.480050050050050103e+01,1.992660421621242861e+01
1.487747747747747873e+01,1.997234256322003887e+01
1.495445445445445642e+01,1.965646248919133399e+01
1.503143143143143234e+01,1.896252965977954830e+01
1.510840840840841004e+01,1.790290207332466821e+01
1.518538538538538596e+01,1.651664636488445836e+01
1.526236236236236365e+01,1.486409985502970166e+01
1.533933933933934135e+01,1.301975752778543338e+01
1.541631631631631727e+01,1.106541027434336755e+01
1.549329329329329497e+01,9.085074383049208890e+00
1.557027027027027088e+01,7.162408100525326837e+00
1.564724724724724858e+01,5.380344499695286054e+00
1.572422422422422628e+01,3.821913577231655257e+00
1.580120120120120220e+01,2.570889233095217996e+00
1.587817817817817989e+01,1.711024297113435066e+00
1.595515515515515581e+01,1.323134284577949460e+00
1.603213213213213351e+01,1.479972591183706276e+00
1.610910910910911298e+01,2.239490884400448856e+00
1.618608608608608890e+01,3.637518978973063533e+00
1.626306306306306482e+01,5.681041356014075561e+00
1.634004004004004074e+01,8.343120097730718498e+00
1.641701701701702021e+01,1.156023117181339011e+01
1.649399399399399613e+01,1.523248012985388300e+01
1.657097097097097205e+01,1.922693522306152403e+01
1.664794794794795152e+01,2.338416493708028199e+01
1.672492492492492744e+01,2.752791584436893757e+01
1.680190190190190336e+01,3.147760282150655442e+01
1.687887887887888283e+01,3.506282772957946037e+01
1.695585585585585875e+01,3.813851515369277934e+01
1.703283283283283467e+01,4.059861048077651446e+01
1.710980980980981059e+01,4.238589431754107295e+01
1.718678678678679006e+01,4.349561632901314567e+01
1.726376376376376598e+01,4.397151362449497469e+01
1.734074074074074190e+01,4.389429037136572731e+01
1.741771771771772137e+01,4.336446153325215391e+01
1.749469469469469729e+01,4.248308111191359870e+01
1.757167167167167321e+01,4.133474326045354275e+01
1.764864864864865268e+01,3.997699105182128676e+01
1.772562562562562860e+01,3.843882205626476889e+01
1.780260260260260452e+01,3.672862238784193778e+01
1.787957957957958399e+01,3.484918309763393296e+01
1.795655655655655991e+01,3.281522659027609734e+01
1.803353353353353583e+01,3.066782928529151420e+01
1.811051051051051175e+01,2.848070645106395204e+01
1.818748748748749122e+01,2.635547411117815386e+01
1.826446446446446714e+01,2.440616134148019967e+01
1.834144144144144306e+01,2.273651936307913957e+01
1.841841841841842253e+01,2.141611143478466062e+01
1.849539539539539845e+01,2.046203028448518779e+01
1.857237237237237437e+01,1.983203662661902911e+01
1.864934934934935384e+01,1.943210672118350857e+01
1.872632632632632976e+01,1.913750379467031593e+01
1.880330330330330568e+01,1.882262735589843317e+01
1.888028028028028160e+01,1.839221514407197944e+01
1.895725725725726107e+01,1.780582754796542844e+01
1.903423423423423699e+01,1.708915847150774425e+01
1.911121121121121647e+01,1.632913202151608445e+01
1.918818818818819238e+01,1.565401786425290709e+01
1.926516516516516830e+01,1.520379315078277926e+01
1.934214214214214422e+01,1.509861701209937124e+01
1.941911911911912370e+01,1.541375914650407708e+01
1.949609609609609961e+01,1.616735277431515883e+01
1.957307307307307553e+01,1.732339503210351950e+01
1.965005005005005501e+01,1.880772574854647416e+01
1.972702702702703093e+01,2.053087499915431380e+01
1.980400400400400684e+01,2.240997419218462028e+01
1.988098098098098632e+01,2.438282033287309858e+01
1.995795795795796224e+01,2.641017724411885226e+01
2.003493493493493816e+01,2.846640070665674571e+01
2.011191191191191407e+01,3.052225480492044696e+01
2.018888888888889355e+01,3.252629047981719879e+01
2.026586586586586947e+01,3.439168628874739397e+01
2.034284284284284539e+01,3.599382325486080703e+01
2.041981981981982486e+01,3.718056029613269686e+01
2.049679679679680078e+01,3.779328981387419617e+01
2.057377377377377670e+01,3.769371386640467847e+01
2.065075075075075617e+01,3.678987419670846748e+01
2.072772772772773209e+01,3.505552921666986776e+01
2.080470470470470801e+01,3.253901689258240282e+01
2.088168168168168393e+01,2.936045558337074368e+01
2.095865865865866340e+01,2.569875158475150556e+01
2.103563563563563932e+01,2.177186151927582003e+01
2.111261261261261524e+01,1.781475438098783570e+01
2.118958958958959471e+01,1.405934910832380069e+01
2.126656656656657063e+01,1.071942240698193061e+01
2.134354354354354655e+01,7.981479270579583840e+00
2.142052052052052602e+01,6.000543006700833182e+00
2.149749749749750194e+01,4.898488799689323159e+00
2.157447447447447786e+01,4.762369507467964169e+00
2.165145145145145378e+01,5.641131308196250416e+00
2.172842842842843325e+01,7.540700632609420140e+00
2.180540540540540917e+01,1.041892641682743559e+01
2.188238238238238509e+01,1.418264345175917462e+01
2.195935935935936456e+01,1.868887578514424064e+01
2.203633633633634048e+01,2.375106540631909624e+01
2.211331331331331640e+01,2.914970995276236110e+01
2.219029029029029587e+01,3.464557799343504740e+01
2.226726726726727179e+01,3.999322777395428119e+01
2.234424424424424771e+01,4.495299580657162153e+01
2.242122122122122363e+01,4.930066836645121242e+01
2.249819819819820310e+01,5.283520287314566843e+01
2.257517517517517902e+01,5.538564192411780596e+01
2.265215215215215494e+01,5.681847680615502583e+01
2.272912912912913441e+01,5.704616221590252678e+01
2.280610610610611033e+01,5.603648602840785031e+01
2.288308308308308625e+01,5.382140395625816609e+01
2.296006006006006572e+01,5.050310896808564110e+01
2.303703703703704164e+01,4.625480257164325337e+01
2.311401401401401756e+01,4.131405867777101548e+01
2.319099099099099703e+01,3.596788102279352017e+01
2.326796796796797295e+01,3.053040210031396740e+01
2.334494494494494887e+01,2.531621021345462452e+01
2.342192192192192479e+01,2.061381605477009415e+01
2.349889889889890426e+01,1.666406416731951978e+01
2.357587587587588018e+01,1.364702174067702956e+01
2.365285285285285610e+01,1.167836790249819856e+01
2.372982982982983557e+01,1.081349166029588993e+01
2.380680680680681149e+01,1.105549204325157753e+01
2.388378378378378741e+01,1.236281830943953253e+01
2.396076076076076689e+01,1.465348847472225202e+01
2.403773773773774280e+01,1.780513315157204346e+01
2.411471471471471872e+01,2.165259716656075994e+01
2.419169169169169464e+01,2.598653678616164342e+01
2.426866866866867412e+01,3.055674104038131844e+01
2.434564564564565003e+01,3.508270963626749506e+01
2.442262262262262595e+01,3.927184754747133155e+01
2.449959959959960543e+01,4.284332800973946576e+01
2.457657657657658135e+01,4.555399812186205821e+01
2.465355355355355726e+01,4.722204086655892752e+01
2.473053053053053674e+01,4.774443827291408127e+01
2.480750750750751266e+01,4.710535978247529698e+01
2.488448448448448858e+01,4.537417520714620878e+01
2.496146146146146449e+01,4.269364625181510320e+01
2.503843843843844397e+01,3.926070066611369924e+01
2.511541541541541989e+01,3.530360697093026090e+01
2.519239239239239581e+01,3.105986309979892113e+01
2.526936936936937528e+01,2.675841716180683960e+01
2.534634634634635120e+01,2.260812302789481620e+01
2.542332332332332712e+01,1.879220847986473331e+01
2.550030030030030659e+01,1.546678560733405483e+01
2.557727727727728251e+01,1.276066266010194283e+01
2.565425425425425843e+01,1.077409643768985958e+01
2.573123123123123435e+01,9.575377463938252731e+00
2.580820820820821382e+01,9.195699073782611421e+00
2.588518518518518974e+01,9.624008054797110745e+00
2.596216216216216566e+01,1.080402823181982974e+01
2.603913913913914513e+01,1.263527205463190484e+01
2.611611611611612105e+01,1.497882815139388946e+01
2.619309309309309697e+01,1.766746820896167947e+01
2.627007007007007644e+01,2.051860368336106788e+01
2.634704704704705236e+01,2.334813316525725213e+01
2.642402402402402828e+01,2.598331372148133767e+01
2.650100100100100420e+01,2.827332288960741380e+01
2.657797797797798367e+01,3.009690300654829898e+01
2.665495495495495959e+01,3.136713785507365415e+01
2.673193193193193551e+01,3.203381171211048439e+01
2.680890890890891498e+01,3.208386512608839070e+01
2.688588588588589090e+01,3.154024273889322316e+01
2.696286286286286682e+01,3.045908892598302486e+01
2.703983983983984629e+01,2.892500030231990849e+01
2.711681681681682221e+01,2.704406780069128047e+01
2.719379379379379813e+01,2.493479451591002061e+01
2.727077077077077405e+01,2.271756065109964240e+01
2.734774774774775352e+01,2.050389770838236458e+01
2.742472472472472944e+01,1.838717040708111838e+01
2.750170170170170536e+01,1.643616843474899980e+01
2.757867867867868483e+01,1.469256523819295523e+01
2.765565565565566075e+01,1.317236053453861189e+01
2.773263263263263667e+01,1.187054421414102023e+01
2.780960960960961614e+01,1.076756661756627764e+01
2.788658658658659206e+01,9.835960474730722325e+00
2.796356356356356798e+01,9.045690209393427494e+00
2.804054054054054390e+01,8.367419517832692222e+00
2.811751751751752337e+01,7.773684858435882639e+00
2.819449449449449929e+01,7.238679709419510999e+00
2.827147147147147521e+01,6.737757843559043280e+00
2.834844844844845468e+01,6.247726545216941929e+00
2.842542542542543060e+01,5.748546955045700457e+00
2.850240240240240652e+01,5.226353961473241938e+00
2.857937937937938599e+01,4.677003149803601545e+00
2.865635635635636191e+01,4.108904220259471884e+00
2.873333333333333783e+01,3.543888633626349538e+00
2.881031031031031375e+01,3.015317596943952960e+00
2.888728728728729322e+01,2.563424536721578662e+00
2.896426426426426914e+01,2.228729971900408557e+00
2.904124124124124506e+01,2.044966128379074544e+00
2.911821821821822454e+01,2.033104441397049822e+00
2.919519519519520045e+01,2.197768218471300994e+00
2.927217217217217637e+01,2.526673286673105423e+00
2.934914914914915585e+01,2.992988576327876071e+00
2.942612612612613177e+01,3.559854078746563566e+00
2.950310310310310769e+01,4.185883321242130251e+00
2.958008008008008360e+01,4.830386701325124044e+00
2.965705705705706308e+01,5.457282907726100696e+00
2.973403403403403900e+01,6.037144449992120521e+00
2.981101101101101492e+01,6.547406543234719933e+00
2.988798798798799439e+01,6.971277534556773681e+00
2.996496496496497031e+01,7.296170254614963824e+00
3.004194194194194623e+01,7.512456513823508431e+00
3.011891891891892570e+01,7.613066227302721423e+00
3.019589589589590162e+01,7.594027337447268877e+00
3.027287287287287754e+01,7.455627853863150634e+00
3.034984984984985346e+01,7.203616224637547916e+00
3.042682682682683293e+01,6.849822856209785371e+00
3.050380380380380885e+01,6.411783746915525661e+00
3.058078078078078477e+01,5.911294093798119320e+00
3.065775775775776424e+01,5.372180483525160533e+00
3.073473473473474016e+01,4.817822792536345489e+00
3.081171171171171608e+01,4.269006043277423501e+00
3.088868868868869555e+01,3.742544498705898892e+00
3.096566566566567147e+01,3.250867467615889073e+00
3.104264264264264739e+01,2.802486167173352971e+00
3.111961961961962331e+01,2.403056312441316678e+00
3.119659659659660278e+01,2.056657315367360628e+00
3.127357357357357870e+01,1.766930454784111149e+00
3.135055055055055462e+01,1.537826551358232541e+00
3.142752752752753409e+01,1.373860907410529908e+00
3.150450450450451001e+01,1.279909485336643948e+00
3.158148148148148593e+01,1.260669149699773728e+00
3.165845845845846540e+01,1.319933997985827334e+00
3.173543543543544132e+01,1.459821184252828585e+00
3.181241241241241724e+01,1.680039288662106944e+00
3.188938938938939316e+01,1.977256417907189423e+00
3.196636636636637263e+01,2.344608949086093297e+00
3.204334334334334500e+01,2.771395292813642275e+00
3.212032032032032447e+01,3.243010955294811648e+00
3.219729729729730394e+01,3.741186518928362403e+00
3.227427427427427631e+01,4.244577878306187380e+00
3.235125125125125578e+01,4.729725356464594910e+00
3.242822822822823525e+01,5.172350523376148423e+00
3.250520520520520762e+01,5.548906864051434518e+00
3.258218218218218709e+01,5.838253994200171881e+00
3.265915915915916656e+01,6.023294025721988909e+00
3.273613613613613893e+01,6.092398801316420531e+00
3.281311311311311840e+01,6.040470163652704727e+00
3.289009009009009077e+01,5.869510299362305616e+00
3.296706706706707024e+01,5.588629714181636565e+00
3.304404404404404971e+01,5.213478082818971515e+00
3.312102102102102208e+01,4.765139328746053948e+00
3.319799799799800155e+01,4.268580436762007047e+00
3.327497497497498102e+01,3.750780987435632596e+00
3.335195195195195339e+01,3.238697375894842523e+00
3.342892892892893286e+01,2.757232715558493030e+00
3.350590590590591233e+01,2.327389313882345601e+00
3.358288288288288470e+01,1.964771982918503745e+00
3.365985985985986417e+01,1.678583727468197839e+00
3.373683683683684364e+01,1.471209725821904346e+00
3.381381381381381601e+01,1.338425067956457992e+00
3.389079079079079548e+01,1.270195231098037780e+00
3.396776776776777496e+01,1.251976678891059347e+00
3.404474474474474732e+01,1.266377706728063934e+00
3.412172172172172679e+01,1.295011800074966191e+00
3.419869869869870627e+01,1.320367222454856826e+00
3.427567567567567863e+01,1.327523444051043056e+00
3.435265265265265811e+01,1.305562525485628012e+00
3.442962962962963047e+01,1.248548585449688275e+00
3.450660660660660994e+01,1.155980936666470171e+00
3.458358358358358942e+01,1.032668522840575420e+00
3.466056056056056178e+01,8.880266870403518142e-01
3.473753753753754125e+01,7.348602650025823912e-01
3.481451451451452073e+01,5.877622686417480757e-01
3.489149149149149309e+01,4.613129493842229589e-01
3.496846846846847257e+01,3.682964017818780023e-01
3.504544544544545204e+01,3.181512425516158094e-01
3.512242242242243151e+01,3.158361656451510457e-01
3.519939939939940388e+01,3.612274347295065802e-01
3.527637637637638335e+01,4.490881096263624750e-01
3.535335335335336282e+01,5.695754904717023059e-01
3.543033033033033519e+01,7.091990926728808375e-01
3.550730730730731466e+01,8.521147769225079216e-01
3.558428428428428703e+01,9.816403349262413647e-01
3.566126126126126650e+01,1.081893482433884612e+00
3.573823823823824597e+01,1.139468545257849241e+00
3.581521521521521834e+01,1.145067139876918993e+00
3.589219219219219781e+01,1.094972579529071011e+00
3.596916916916917728e+01,9.922130193433120748e-01
3.604614614614614965e+01,8.472150249225522955e-01
3.612312312312312912e+01,6.777375208506547510e-01
3.620010010010010859e+01,5.079238166838395685e-01
3.627707707707708096e+01,3.664272545142032156e-01
3.635405405405406043e+01,2.837366151132736936e-01
3.643103103103103990e+01,2.890061015472978889e-01
3.650800800800801227e+01,4.068244166876587853e-01
3.658498498498499174e+01,6.543921853154626156e-01
3.666196196196197121e+01,1.039501978162045592e+00
3.673893893893894358e+01,1.559552743793545693e+00
3.681591591591592305e+01,2.201629232347303233e+00
3.689289289289290252e+01,2.943492656416903941e+00
3.696986986986987489e+01,3.755206453055564886e+00
3.704684684684685436e+01,4.601085466089093856e+00
3.712382382382382673e+01,5.441710208850997432e+00
3.720080080080080620e+01,6.235869882810671783e+00
3.727777777777778567e+01,6.942448533178917636e+00
3.735475475475475804e+01,7.522395026210113578e+00
3.743173173173173751e+01,7.940966273525002173e+00
3.750870870870871698e+01,8.170368742009662455e+00
3.758568568568568935e+01,8.192744342291703674e+00
3.766266266266266882e+01,8.003194789565993617e+00
3.773963963963964829e+01,7.612294078755659221e+00
3.781661661661662066e+01,7.047402227911037542e+00
3.789359359359360013e+01,6.352150985787440973e+00
3.797057057057057960e+01,5.583754632110618843e+00
3.804754754754755197e+01,4.808253097194959302e+00
3.812452452452453144e+01,4.094288292300955590e+00
3.820150150150151092e+01,3.506384220016273812e+00
3.827847847847848328e+01,3.098822311498561799e+00
3.835545545545546275e+01,2.911043264369852057e+00
3.843243243243244223e+01,2.965132301447075847e+00
3.850940940940941459e+01,3.265482616087341139e+00
3.858638638638639407e+01,3.800311692634885219e+00
3.866336336336336643e+01,4.544420439857814742e+00
3.874034034034034590e+01,5.462479760173401644e+00
3.881731731731732538e+01,6.512203541595780187e+00
3.889429429429429774e+01,7.646985565211219082e+00
3.897127127127127721e+01,8.817874993796358751e+00
3.904824824824825669e+01,9.975054957449609461e+00
3.912522522522522905e+01,1.106918398745221310e+01
3.920220220220220853e+01,1.205299835043332735e+01
3.927917917917918800e+01,1.288343986865027269e+01
3.935615615615616036e+01,1.352430945657408223e+01
3.943313313313313984e+01,1.394913814163773047e+01
3.951011011011011931e+01,1.414372239679586585e+01
3.958708708708709167e+01,1.410768352212365073e+01
3.966406406406407115e+01,1.385452834675137979e+01
3.974104104104105062e+01,1.340998811264420709e+01
3.981801801801802299e+01,1.280880527018993753e+01
3.989499499499500246e+01,1.209050045460634415e+01
3.997197197197198193e+01,1.129487310062729222e+01
4.004894894894895430e+01,1.045801123587424541e+01
4.012592592592593377e+01,9.609419612990642179e+00
4.020290290290290613e+01,8.770586086402131443e+00
4.027987987987988561e+01,7.954984449525404955e+00
4.035685685685686508e+01,7.169242325101229163e+00
4.043383383383383745e+01,6.415042201015824119e+00
4.051081081081081692e+01,5.691291873322370520e+00
4.058778778778779639e+01,4.996179535233111757e+00
4.066476476476476876e+01,4.328872387746170780e+00
4.074174174174174823e+01,3.690768129177710577e+00
4.081871871871872770e+01,3.086316425982287726e+00
4.089569569569570007e+01,2.523467414827969435e+00
4.097267267267267954e+01,2.013782190378661241e+00
4.104964964964965901e+01,1.572186779638804710e+00
4.112662662662663138e+01,1.216306980748653288e+00
4.120360360360361085e+01,9.653199877229945436e-01
4.128058058058059032e+01,8.383130103785700893e-01
4.135755755755756269e+01,8.522378653621589528e-01
4.143453453453454216e+01,1.019663376287233802e+00
4.151151151151152163e+01,1.346616392999657519e+00
4.158848848848849400e+01,1.830834867521758946e+00
4.166546546546547347e+01,2.460716398821182871e+00
4.174244244244244584e+01,3.215138446905050351e+00
4.181941941941942531e+01,4.064178778886342158e+00
4.189639639639640478e+01,4.970617685422604737e+00
4.197337337337337715e+01,5.891999592643315076e+00
4.205035035035035662e+01,6.782999389265377488e+00
4.212732732732733609e+01,7.597880381377334125e+00
4.220430430430430846e+01,8.292919718380353800e+00
4.228128128128128793e+01,8.828767763025632931e+00
4.235825825825826740e+01,9.172754530502469805e+00
4.243523523523523977e+01,9.301133453457733680e+00
4.251221221221221924e+01,9.201167031007591035e+00
4.258918918918919871e+01,8.872847566836313149e+00
4.266616616616617108e+01,8.329961693057079231e+00
4.274314314314315055e+01,7.600195590446006122e+00
4.282012012012013003e+01,6.724059249477122968e+00
4.289709709709710239e+01,5.752570591843237047e+00
4.297407407407408186e+01,4.743845144632668820e+00
4.305105105105106134e+01,3.758933815467996986e+00
4.312802802802803370e+01,2.857393074302142733e+00
4.320500500500501317e+01,2.093124895045589184e+00
4.328198198198199265e+01,1.510973212743866201e+00
4.335895895895896501e+01,1.144416295206876377e+00
4.343593593593594449e+01,1.014480953264569552e+00
4.351291291291291685e+01,1.129776793604536422e+00
4.358988988988989632e+01,1.487368627264884946e+00
4.366686686686687580e+01,2.074124880464620624e+00
4.374384384384384816e+01,2.868220929426041010e+00
4.382082082082082763e+01,3.840617742724659056e+00
4.389779779779780711e+01,4.956519267255196759e+00
4.397477477477477947e+01,6.176960498049727910e+00
4.405175175175175895e+01,7.460727244146335480e+00
4.412872872872873842e+01,8.766730240458967316e+00
4.420570570570571078e+01,1.005677188891088747e+01
4.428268268268269026e+01,1.129841823065738993e+01
4.435965965965966973e+01,1.246750635100650584e+01
4.443663663663664209e+01,1.354975155597665193e+01
4.451361361361362157e+01,1.454100538796036624e+01
4.459059059059060104e+01,1.544594328332576261e+01
4.466756756756757341e+01,1.627527650868889353e+01
4.474454454454455288e+01,1.704190943802148794e+01
4.482152152152153235e+01,1.775671771320206460e+01
4.489849849849850472e+01,1.842473665013753958e+01
4.497547547547548419e+01,1.904248513811197085e+01
4.505245245245245655e+01,1.959691628800655394e+01
4.512942942942943603e+01,2.006613901180510950e+01
4.520640640640641550e+01,2.042168664205942363e+01
4.528338338338338787e+01,2.063181813055155445e+01
4.536036036036036734e+01,2.066519644978104608e+01
4.543733733733734681e+01,2.049432147980960650e+01
4.551431431431431918e+01,2.009827382679856100e+01
4.559129129129129865e+01,1.946458735543371432e+01
4.566826826826827812e+01,1.859033134415835420e+01
4.574524524524525049e+01,1.748267256213031828e+01
4.582222222222222996e+01,1.615924995629096728e+01
4.589919919919920943e+01,1.464861212125819101e+01
4.597617617617618180e+01,1.299076454546360715e+01
4.605315315315316127e+01,1.123761326427308838e+01
4.613013013013014074e+01,9.452862284339566656e+00
4.620710710710711311e+01,7.710813195020358890e+00
4.628408408408409258e+01,6.093589227962054267e+00
4.636106106106107205e+01,4.686574072499326782e+00
4.643803803803804442e+01,3.572265354736027465e+00
4.651501501501502389e+01,2.823183571265713177e+00
4.659199199199199626e+01,2.494811918417253249e+00
4.666896896896897573e+01,2.619654764847077377e+00
4.674594594594595520e+01,3.203345671654077798e+00
4.682292292292292757e+01,4.223354658612120893e+00
4.689989989989990704e+01,5.630357534391188246e+00
4.697687687687688651e+01,7.351880617360697201e+00
4.705385385385385888e+01,9.297534752762329546e+00
4.713083083083083835e+01,1.136505228541669510e+01
4.720780780780781782e+01,1.344642363545858998e+01
4.728478478478479019e+01,1.543363668975753455e+01
4.736176176176176966e+01,1.722377607745639949e+01
4.743873873873874913e+01,1.872346830941206264e+01
4.751571571571572150e+01,1.985280648360483724e+01
4.759269269269270097e+01,2.054892155708972012e+01
4.766966966966968045e+01,2.076928137567627886e+01
4.774664664664665281e+01,2.049462116088007235e+01
4.782362362362363228e+01,1.973119753219296513e+01
4.790060060060061176e+01,1.851188910233006268e+01
4.797757757757758412e+01,1.689561567710163814e+01
4.805455455455456359e+01,1.496466351291547880e+01
4.813153153153153596e+01,1.281978469851598668e+01
4.820850850850851543e+01,1.057332526095546754e+01
4.828548548548549491e+01,8.341025462012417790e+00
4.836246246246246727e+01,6.233413571641009732e+00
4.843943943943944674e+01,4.347800193126650115e+00
4.851641641641642622e+01,2.761755679832504917e+00
4.859339339339339858e+01,1.528666497363318832e+00
4.867037037037037805e+01,6.756088067351692095e-01
4.874734734734735753e+01,2.034461968753034644e-01
4.882432432432432989e+01,8.882340835638218024e-02
4.890130130130130937e+01,2.876156800918784895e-01
4.897827827827828884e+01,7.393894330730437225e-01
4.905525525525526120e+01,1.372493255393574696e+00
4.913223223223224068e+01,2.109479602788816077e+00
4.920920920920922015e+01,2.872616769334406239e+00
4.928618618618619251e+01,3.589266062300151106e+00
4.936316316316317199e+01,4.196872194079147356e+00
4.944014014014015146e+01,4.647267310544020091e+00
4.951711711711712383e+01,4.909954241114641960e+00
4.959409409409410330e+01,4.974045770248469722e+00
4.967107107107107566e+01,4.848614837034188163e+00
4.974804804804805514e+01,4.561355241096482160e+00
4.982502502502503461e+01,4.155640401514124171e+00
4.990200200200200698e+01,3.686259243244477624e+00
4.997897897897898645e+01,3.214260027953706356e+00
5.005595595595596592e+01,2.801412567305702428e+00
5.013293293293293829e+01,2.504796141715661673e+00
5.020990990990991776e+01,2.371948280493228367e+00
5.028688688688689723e+01,2.436899819425391467e+00
5.036386386386386960e+01,2.717310718523386459e+00
5.044084084084084907e+01,3.212836127571520706e+00
5.051781781781782854e+01,3.904801124094461784e+00
5.059479479479480091e+01,4.757232459926322043e+00
5.067177177177178038e+01,5.719259655612515481e+00
5.074874874874875985e+01,6.728828327445278923e+00
5.082572572572573222e+01,7.717551848554627725e+00
5.090270270270271169e+01,8.616372662086277501e+00
5.097967967967969116e+01,9.361544654755778794e+00
5.105665665665666353e+01,9.900329720690805857e+00
5.113363363363364300e+01,1.019576935956497010e+01
5.121061061061061537e+01,1.022997125696250365e+01
5.128758758758759484e+01,1.000553732706529431e+01
5.136456456456457431e+01,9.545019790693547890e+00
5.144154154154154668e+01,8.888570649630343823e+00
5.151851851851852615e+01,8.090186372189847930e+00
5.159549549549550562e+01,7.213092774224115544e+00
5.167247247247247799e+01,6.324837830666662164e+00
5.174944944944945746e+01,5.492567376001158408e+00
5.182642642642643693e+01,4.778787457016900220e+00
5.190340340340340930e+01,4.237727502143216363e+00
5.198038038038038877e+01,3.912275512686008483e+00
5.205735735735736824e+01,3.831408352394090500e+00
5.213433433433434061e+01,4.008099786290328481e+00
5.221131131131132008e+01,4.437826249895064024e+00
5.228828828828829955e+01,5.097940419888283614e+00
5.236526526526527192e+01,5.948267463261224464e+00
5.244224224224225139e+01,6.933236807786287592e+00
5.251921921921923087e+01,7.985674653655066457e+00
5.259619619619620323e+01,9.032085111912714126e+00
5.267317317317318270e+01,9.998921909553395437e+00
5.275015015015016218e+01,1.081909611204202726e+01
5.282712712712713454e+01,1.143785799283109839e+01
5.290410410410411401e+01,1.181726744752367786e+01
5.298108108108108638e+01,1.193870823734047804e+01
5.305805805805806585e+01,1.180324527495771036e+01
5.313503503503504533e+01,1.142998829796734128e+01
5.321201201201201769e+01,1.085292776506250334e+01
5.328898898898899716e+01,1.011688669640806282e+01
5.336596596596597664e+01,9.273254186553193890e+00
5.344294294294294900e+01,8.376040405654601173e+00
5.351991991991992847e+01,7.478566084128594582e+00
5.359689689689690795e+01,6.630846586756828032e+00
5.367387387387388031e+01,5.877532344266493070e+00
5.375085085085085979e+01,5.256183397685417980e+00
5.382782782782783926e+01,4.795703979853105814e+00
5.390480480480481162e+01,4.514912636782133504e+00
5.398178178178179110e+01,4.421405812912450273e+00
5.405875875875877057e+01,4.511006599876506762e+00
5.413573573573574294e+01,4.768111317915421310e+00
5.421271271271272241e+01,5.167132541425636383e+00
5.428968968968970188e+01,5.675017039237161498e+00
5.436666666666667425e+01,6.254560570285114807e+00
5.444364364364365372e+01,6.868032989576857261e+00
5.452062062062062608e+01,7.480535279927806869e+00
5.459759759759760556e+01,8.062564969496193612e+00
5.467457457457458503e+01,8.591451955590882150e+00
5.475155155155155740e+01,9.051588943114545316e+00
5.482852852852853687e+01,9.433645429367899737e+00
5.490550550550551634e+01,9.733149375877175657e+00
5.498248248248248871e+01,9.948896885053638783e+00
5.505945945945946818e+01,1.008159444520076065e+01
5.513643643643644765e+01,1.013297777174092751e+01
5.521341341341342002e+01,1.010544397789060511e+01
5.529039039039039949e+01,1.000204927112216602e+01
5.536736736736737896e+01,9.826620690250459589e+00
5.544434434434435133e+01,9.583735834560295430e+00
5.552132132132133080e+01,9.278429470685647829e+00
5.559829829829831027e+01,8.915647100749014342e+00
5.567527527527528264e+01,8.499621076950592879e+00
5.575225225225226211e+01,8.033435005363424253e+00
5.582922922922924158e+01,7.519030317290092746e+00
5.590620620620621395e+01,6.957794369113497801e+00
5.598318318318319342e+01,6.351688036108292579e+00
5.606016016016016579e+01,5.704682062669257370e+00
5.613713713713714526e+01,5.024138291249955479e+00
5.621411411411412473e+01,4.321739836771444132e+00
5.629109109109109710e+01,3.613657310380603782e+00
5.636806806806807657e+01,2.919814659263384016e+00
5.644504504504505604e+01,2.262337231217216527e+00
5.652202202202202841e+01,1.663461897063486461e+00
5.659899899899900788e+01,1.143307300296752427e+00
5.667597597597598735e+01,7.179108107601848143e-01
5.675295295295295972e+01,3.978432232678823510e-01
5.682992992992993919e+01,1.875509868812200720e-01
5.690690690690691866e+01,8.540384865115029089e-02
5.698388388388389103e+01,8.429442740110604237e-02
5.706086086086087050e+01,1.725760607538459612e-01
5.713783783783784997e+01,3.351394235840460811e-01
5.721481481481482234e+01,5.544957376644888969e-01
5.729179179179180181e+01,8.118198569611239090e-01
5.736876876876878129e+01,1.087974403209873708e+00
5.744574574574575365e+01,1.364561712819190253e+00
5.752272272272273312e+01,1.625026884846118902e+00
5.759969969969970549e+01,1.855774590511760413e+00
5.767667667667668496e+01,2.047189850077097528e+00
5.775365365365366443e+01,2.194398532664815882e+00
5.783063063063063680e+01,2.297591503355626230e+00
5.790760760760761627e+01,2.361778665296139224e+00
5.798458458458459575e+01,2.395929979346272720e+00
5.806156156156156811e+01,2.411578003269805759e+00
5.813853853853854758e+01,2.421068766149537144e+00
5.821551551551552706e+01,2.435723452650265575e+00
5.829249249249249942e+01,2.464192119404380321e+00
5.836946946946947890e+01,2.511240019974046334e+00
5.844644644644645837e+01,2.577122010035097333e+00
5.852342342342343073e+01,2.657596287838919213e+00
5.860040040040041021e+01,2.744531263711078140e+00
5.867737737737738968e+01,2.826986865351151401e+00
5.875435435435436204e+01,2.892611102641238663e+00
5.883133133133134152e+01,2.929181297080961865e+00
5.890830830830832099e+01,2.926128248199541648e+00
5.898528528528529336e+01,2.875900883795450724e+00
5.906226226226227283e+01,2.775051329062194760e+00
5.913923923923924519e+01,2.624942968551068567e+00
5.921621621621622467e+01,2.432008390859338398e+00
5.929319319319320414e+01,2.207513963279226665e+00
5.937017017017017650e+01,1.966826607884569089e+00
5.944714714714715598e+01,1.728226305788528538e+00
5.952412412412413545e+01,1.511360299760488024e+00
5.960110110110110782e+01,1.335483019714256425e+00
5.967807807807808729e+01,1.217658950922134942e+00
5.975505505505506676e+01,1.171115597920816986e+00
5.983203203203203913e+01,1.203917114742098837e+00
5.990900900900901860e+01,1.318089165806264118e+00
5.998598598598599807e+01,1.509270517054648097e+00
6.006296296296297044e+01,1.766907673996059192e+00
6.013993993993994991e+01,2.074955923626071730e+00
6.021691691691692938e+01,2.413010528647995034e+00
6.029389389389390175e+01,2.757768011884531578e+00
6.037087087087088122e+01,3.084707117342138982e+00
6.044784784784786069e+01,3.369876322625925624e+00
6.052482482482483306e+01,3.591672986842929127e+00
6.060180180180181253e+01,3.732494029456356444e+00
6.067877877877878490e+01,3.780130366234052186e+00
6.075575575575576437e+01,3.728774152894561489e+00
6.083273273273274384e+01,3.579519879199162702e+00
6.090970970970971621e+01,3.340276598181741718e+00
6.098668668668669568e+01,3.025070510452499306e+00
6.106366366366367515e+01,2.652795195081746105e+00
6.114064064064064752e+01,2.245542485665440680e+00
6.121761761761762699e+01,1.826700212817689906e+00
6.129459459459460646e+01,1.419021007603209261e+00
6.137157157157157883e+01,1.042849188571311814e+00
6.144854854854855830e+01,7.146522449690524414e-01
6.152552552552553777e+01,4.459561169758609056e-01
6.160250250250251014e+01,2.427421374617685090e-01
6.167947947947948961e+01,1.053319572509550522e-01
6.175645645645646908e+01,2.876040851196599510e-02
6.183343343343344145e+01,3.607206225613084159e-03
6.191041041041042092e+01,1.722186562222881301e-02
6.198738738738740039e+01,5.523420865670213009e-02
6.206436436436437276e+01,1.032033466785801379e-01
6.214134134134135223e+01,1.482310345021329578e-01
6.221831831831833171e+01,1.803584209476816191e-01
6.229529529529530407e+01,1.935817238254777806e-01
6.237227227227228354e+01,1.863616522477409276e-01
6.244924924924925591e+01,1.615603622700735875e-01
6.252622622622623538e+01,1.258127681279465337e-01
6.260320320320321485e+01,8.841683812925896224e-02
6.268018018018018722e+01,5.989655164644336338e-02
6.275715715715716669e+01,5.043622151205527648e-02
6.283413413413414617e+01,6.839454729875991956e-02
6.291111111111111853e+01,1.190795090810154999e-01
6.298808808808809800e+01,2.039112780108695566e-01
6.306506506506507748e+01,3.200377241752425106e-01
6.314204204204204984e+01,4.604134324591693805e-01
6.321901901901902932e+01,6.143178096199778393e-01
6.329599599599600879e+01,7.682690939424473564e-01
6.337297297297298115e+01,9.072787955221764955e-01
6.344994994994996063e+01,1.016373702892850783e+00
6.352692692692694010e+01,1.082283731284359618e+00
6.360390390390391246e+01,1.095155944171682272e+00
6.368088088088089194e+01,1.050118194188602416e+00
6.375785785785787141e+01,9.484935405632938243e-01
6.383483483483484378e+01,7.984706651041427738e-01
6.391181181181182325e+01,6.150722522830641692e-01
6.398878878878879561e+01,4.193323163682018961e-01
6.406576576576577509e+01,2.366879155063224549e-01
6.414274274274275456e+01,9.469808155557216112e-02
6.421971971971971982e+01,2.030595644364442329e-02
6.429669669669669929e+01,3.693948951885495102e-02
6.437367367367367876e+01,1.617839787714323296e-01
6.445065065065065824e+01,4.035462950080476174e-01
6.452762762762763771e+01,7.609681647159673989e-01
6.460460460460461718e+01,1.222249429733187176e+00
6.468158158158158244e+01,1.765434454186956215e+00
6.475855855855856191e+01,2.359717772442656791e+00
6.483553553553554138e+01,2.967552159691412950e+00
6.491251251251252086e+01,3.547395338206746906e+00
6.498948948948950033e+01,4.056902983334481405e+00
6.506646646646647980e+01,4.456354955546777852e+00
6.514344344344344506e+01,4.712081601519633622e+00
6.522042042042042453e+01,4.799637617298101233e+00
6.529739739739740401e+01,4.706459441617739436e+00
6.537437437437438348e+01,4.433749055582263843e+00
6.545135135135136295e+01,3.997361700515979166e+00
6.552832832832832821e+01,3.427541260251286026e+00
6.560530530530530768e+01,2.767441310218377026e+00
6.568228228228228716e+01,2.070481550765719714e+00
6.575925925925926663e+01,1.396703508813075922e+00
6.583623623623624610e+01,8.083902632843278369e-01
6.591321321321322557e+01,3.652897550177910957e-01
6.599019019019019083e+01,1.198227703173637970e-01
6.606716716716717031e+01,1.126639214946347500e-01
6.614414414414414978e+01,3.690606029745974181e-01
6.622112112112112925e+01,8.962065871214293100e-01
6.629809809809810872e+01,1.681918284317710954e+00
6.637507507507508819e+01,2.694774929878874126e+00
6.645205205205205345e+01,3.885779497864927379e+00
6.652902902902903293e+01,5.191476137780734135e+00
6.660600600600601240e+01,6.538327473948951862e+00
6.668298298298299187e+01,7.848022527698679696e+00
6.675995995995997134e+01,9.043270998092815205e+00
6.683693693693695081e+01,1.005356348643966591e+01
6.691391391391391608e+01,1.082035969449549029e+01
6.699089089089089555e+01,1.130121929342029574e+01
6.706786786786787502e+01,1.147251094350328415e+01
6.714484484484485449e+01,1.133050568499165855e+01
6.722182182182181975e+01,1.089085025652645911e+01
6.729879879879879923e+01,1.018658735169455198e+01
6.737577577577577870e+01,9.265012799343864458e+00
6.745275275275275817e+01,8.183719196659115624e+00
6.752972972972973764e+01,7.006176655631947803e+00
6.760670670670671711e+01,5.797165774346684231e+00
6.768368368368368237e+01,4.618334411506225479e+00
6.776066066066066185e+01,3.524121750016510735e+00
6.783763763763764132e+01,2.558288994283834494e+00
6.791461461461462079e+01,1.751306329225140512e+00
6.799159159159160026e+01,1.118847368651250340e+00
6.806856856856856552e+01,6.616084779759138224e-01
6.814554554554554500e+01,3.665819479538453551e-01
6.822252252252252447e+01,2.097660328737717961e-01
6.829949949949950394e+01,1.601077095512671578e-01
6.837647647647648341e+01,1.842789023038969298e-01
6.845345345345346288e+01,2.517267490604417901e-01
6.853043043043042815e+01,3.393552243364258425e-01
6.860740740740740762e+01,4.352179947896873680e-01
6.868438438438438709e+01,5.407358324253184190e-01
6.876136136136136656e+01,6.711722116527146786e-01
6.883833833833834603e+01,8.543587831897332396e-01
6.891531531531532551e+01,1.127898187001125541e+00
6.899229229229229077e+01,1.535233903220251328e+00
6.906926926926927024e+01,2.121040638805666845e+00
6.914624624624624971e+01,2.926362968251573271e+00
6.922322322322322918e+01,3.983851357593165776e+00
6.930020020020020866e+01,5.313361715900241755e+00
6.937717717717717392e+01,6.918137745363386770e+00
6.945415415415415339e+01,8.781802018663848131e+00
6.953113113113113286e+01,1.086643043185061153e+01
6.960810810810811233e+01,1.311203974549382423e+01
6.968508508508509181e+01,1.543783201513236136e+01
6.976206206206207128e+01,1.774547016366478758e+01
6.983903903903903654e+01,1.992448305474230352e+01
6.991601601601601601e+01,2.185962407490167791e+01
6.999299299299299548e+01,2.343967631973963961e+01
7.006996996996997495e+01,2.456688023401276055e+01
7.014694694694695443e+01,2.516593891879094258e+01
7.022392392392393390e+01,2.519150412827491436e+01
7.030090090090089916e+01,2.463319710231979087e+01
7.037787787787787863e+01,2.351755293542120029e+01
7.045485485485485810e+01,2.190672074902933986e+01
7.053183183183183758e+01,1.989419713402254430e+01
7.060880880880881705e+01,1.759821279617778345e+01
7.068578578578579652e+01,1.515356609803351162e+01
7.076276276276276178e+01,1.270269432961715772e+01
7.083973973973974125e+01,1.038664083058914933e+01
7.091671671671672073e+01,8.336392159521519574e+00
7.099369369369370020e+01,6.664903713884124947e+00
7.107067067067067967e+01,5.460057526659587879e+00
7.114764764764764493e+01,4.778814273572182358e+00
7.122462462462462440e+01,4.642903574212125406e+00
7.130160160160160387e+01,5.036484362182942043e+00
7.137857857857858335e+01,5.906233113952901626e+00
7.145555555555556282e+01,7.164227258474009652e+00
7.153253253253254229e+01,8.693760928779351360e+00
7.160950950950950755e+01,1.035788070642242253e+01
7.168648648648648702e+01,1.201002458315510246e+01
7.176346346346346650e+01,1.350578271666494068e+01
7.184044044044044597e+01,1.471457161276071801e+01
7.191741741741742544e+01,1.552999249853496266e+01
7.199439439439440491e+01,1.587784271327680941e+01
7.207137137137137017e+01,1.572111620919547548e+01
7.214834834834834965e+01,1.506176985042698213e+01
7.222532532532532912e+01,1.393943762246401263e+01
7.230230230230230859e+01,1.242756021147409484e+01
7.237927927927928806e+01,1.062752574672965622e+01
7.245625625625626753e+01,8.661404652830576367e+00
7.253323323323323280e+01,6.663762826913647963e+00
7.261021021021021227e+01,4.772923877154984673e+00
7.268718718718719174e+01,3.121985244539235538e+00
7.276416416416417121e+01,1.829909446914524285e+00
7.284114114114115068e+01,9.931083800864923816e-01
7.291811811811811594e+01,6.780776190547879168e-01
7.299509509509509542e+01,9.157554803347712769e-01
7.307207207207207489e+01,1.698307501885071957e+00
7.314904904904905436e+01,2.978916269405505801e+00
7.322602602602603383e+01,4.674873070736548897e+00
7.330300300300301330e+01,6.673857788392672852e+00
7.337997997997997857e+01,8.842841479439051966e+00
7.345695695695695804e+01,1.103866212337828934e+01
7.353393393393393751e+01,1.311910626207832919e+01
7.361091091091091698e+01,1.495332908452618703e+01
7.368788788788789645e+01,1.643064983991726535e+01
7.376486486486487593e+01,1.746709853482351349e+01
7.384184184184184119e+01,1.800946562434538478e+01
7.391881881881882066e+01,1.803692747743577840e+01
7.399579579579580013e+01,1.756052897483232655e+01
7.407277277277277960e+01,1.662088699480661447e+01
7.414974974974975908e+01,1.528445984292132920e+01
7.422672672672672434e+01,1.363865653048520343e+01
7.430370370370370381e+01,1.178599039167870188e+01
7.438068068068068328e+01,9.837457801802063528e+00
7.445765765765766275e+01,7.905367213017246542e+00
7.453463463463464223e+01,6.095951546082341466e+00
7.461161161161162170e+01,4.502236245806586545e+00
7.468858858858858696e+01,3.197754282466910514e+00
7.476556556556556643e+01,2.231741192942511276e+00
7.484254254254254590e+01,1.626365616911467749e+00
7.491951951951952537e+01,1.376344465103492176e+00
7.499649649649650485e+01,1.450989445917832299e+00
7.507347347347348432e+01,1.798400437445742961e+00
7.515045045045044958e+01,2.351240901939109396e+00
7.522742742742742905e+01,3.033365322863394109e+00
7.530440440440440852e+01,3.766545537698724022e+00
7.538138138138138800e+01,4.476646293046267822e+00
7.545835835835836747e+01,5.098783342932271978e+00
7.553533533533534694e+01,5.581202005287527967e+00
7.561231231231231220e+01,5.887791461461854503e+00
7.568928928928929167e+01,5.999272820291889907e+00
7.576626626626627115e+01,5.913163566661315151e+00
7.584324324324325062e+01,5.642642679819587670e+00
7.592022022022023009e+01,5.214444240905718786e+00
7.599719719719719535e+01,4.665917425494678916e+00
7.607417417417417482e+01,4.041423738465651283e+00
7.615115115115115429e+01,3.388300846905944574e+00
7.622812812812813377e+01,2.752693916264433049e+00
7.630510510510511324e+01,2.175615658208784886e+00
7.638208208208209271e+01,1.689617273123560581e+00
7.645905905905905797e+01,1.316413039809523289e+00
7.653603603603603744e+01,1.065697029429783838e+00
7.661301301301301692e+01,9.352374627104242943e-01
7.668998998998999639e+01,9.121650943795335253e-01
7.676696696696697586e+01,9.752243866993607346e-01
7.684394394394395533e+01,1.097659871312633539e+00
7.692092092092092059e+01,1.250377583839966000e+00
7.699789789789790007e+01,1.405046496303137049e+00
7.707487487487487954e+01,1.536867715198165341e+00
7.715185185185185901e+01,1.626815776052089380e+00
7.722882882882883848e+01,1.663226894581691928e+00
7.730580580580580374e+01,1.642663381920390187e+00
7.738278278278278322e+01,1.570022059978807505e+00
7.745975975975976269e+01,1.457885884677720956e+00
7.753673673673674216e+01,1.325153686437803069e+00
7.761371371371372163e+01,1.195032046516324664e+00
7.769069069069070110e+01,1.092537535839702478e+00
7.776766766766766636e+01,1.041728588431487745e+00
7.784464464464464584e+01,1.062947028897169854e+00
7.792162162162162531e+01,1.170378864335885671e+00
7.799859859859860478e+01,1.370225771923008651e+00
7.807557557557558425e+01,1.659708124928076511e+00
7.815255255255256372e+01,2.027008499161375266e+00
7.822952952952952899e+01,2.452135663408036681e+00
7.830650650650650846e+01,2.908572343802422910e+00
7.838348348348348793e+01,3.365489638291031316e+00
7.846046046046046740e+01,3.790278158322700541e+00
7.853743743743744687e+01,4.151157330823178171e+00
7.861441441441442635e+01,4.419665085257999948e+00
7.869139139139139161e+01,4.572881034455701155e+00
7.876836836836837108e+01,4.595279997745309153e+00
7.884534534534535055e+01,4.480138922543206448e+00
7.892232232232233002e+01,4.230427458635217519e+00
7.899929929929930950e+01,3.859107696834533918e+00
7.907627627627627476e+01,3.388765189109502085e+00
7.915325325325325423e+01,2.850506873376302153e+00
7.923023023023023370e+01,2.282104545495537096e+00
7.930720720720721317e+01,1.725439188419292336e+00
7.938418418418419265e+01,1.223403332025163825e+00
7.946116116116117212e+01,8.165242282268769802e-01
7.953813813813813738e+01,5.396504496103783355e-01
7.961511511511511685e+01,4.190706497616508153e-01
7.969209209209209632e+01,4.703905325965620499e-01
7.976906906906907579e+01,6.973876825019140746e-01
7.984604604604605527e+01,1.091918814957060668e+00
7.992302302302303474e+01,1.634806531573082200e+00
8.000000000000000000e+01,2.297517459143909591e+00
